timestamp,true_label,prob_short,prob_long,vol_regime,long_thr,short_thr,signal
2024-10-28 20:00:00,1,0.3846488296985626,0.615351140499115,low,0.55,0.45,LONG
2024-10-29 00:00:00,1,0.5689582824707031,0.43104174733161926,low,0.55,0.45,SHORT
2024-10-29 04:00:00,1,0.4378911852836609,0.5621088147163391,low,0.55,0.45,LONG
2024-10-29 08:00:00,1,0.3568560481071472,0.6431440114974976,low,0.55,0.45,LONG
2024-10-31 00:00:00,0,0.5395382046699524,0.4604618549346924,low,0.55,0.45,NEUTRAL
2024-10-31 04:00:00,0,0.6324203610420227,0.3675796687602997,low,0.55,0.45,SHORT
2024-10-31 08:00:00,0,0.7968698143959045,0.20313017070293427,low,0.55,0.45,SHORT
2024-11-01 00:00:00,1,0.33156269788742065,0.6684373021125793,low,0.55,0.45,LONG
2024-11-01 04:00:00,1,0.19086894392967224,0.8091310858726501,low,0.55,0.45,LONG
2024-11-04 20:00:00,1,0.3825288712978363,0.6174710988998413,low,0.55,0.45,LONG
2024-11-05 00:00:00,1,0.2589850425720215,0.7410149574279785,low,0.55,0.45,LONG
2024-11-05 08:00:00,1,0.15204046666622162,0.8479595184326172,low,0.55,0.45,LONG
2024-11-05 12:00:00,1,0.5429351329803467,0.4570649266242981,low,0.55,0.45,NEUTRAL
2024-11-05 16:00:00,1,0.5053316950798035,0.4946683347225189,low,0.55,0.45,NEUTRAL
2024-11-05 20:00:00,1,0.6873855590820312,0.31261444091796875,low,0.55,0.45,SHORT
2024-11-06 04:00:00,1,0.4404155910015106,0.5595844388008118,mid,0.6,0.4,NEUTRAL
2024-11-09 12:00:00,1,0.14350739121437073,0.8564925789833069,low,0.55,0.45,LONG
2024-11-09 16:00:00,1,0.14454364776611328,0.8554564118385315,low,0.55,0.45,LONG
2024-11-09 20:00:00,1,0.26662471890449524,0.7333753108978271,low,0.55,0.45,LONG
2024-11-10 00:00:00,1,0.0880347266793251,0.9119653105735779,low,0.55,0.45,LONG
2024-11-10 04:00:00,1,0.19735921919345856,0.8026408553123474,low,0.55,0.45,LONG
2024-11-10 20:00:00,1,0.358563631772995,0.6414363384246826,low,0.55,0.45,LONG
2024-11-11 00:00:00,1,0.23207297921180725,0.7679270505905151,low,0.55,0.45,LONG
2024-11-11 04:00:00,1,0.18809151649475098,0.8119085431098938,low,0.55,0.45,LONG
2024-11-11 08:00:00,1,0.11167188733816147,0.8883281350135803,low,0.55,0.45,LONG
2024-11-11 12:00:00,1,0.1902790516614914,0.8097209930419922,low,0.55,0.45,LONG
2024-11-11 16:00:00,1,0.3550003468990326,0.6449996829032898,low,0.55,0.45,LONG
2024-11-11 20:00:00,0,0.48254159092903137,0.517458438873291,mid,0.6,0.4,NEUTRAL
2024-11-12 04:00:00,0,0.6529555916786194,0.3470444083213806,mid,0.6,0.4,SHORT
2024-11-12 12:00:00,1,0.5871055722236633,0.4128943979740143,mid,0.6,0.4,NEUTRAL
2024-11-13 00:00:00,1,0.2289816290140152,0.7710183262825012,mid,0.6,0.4,LONG
2024-11-13 04:00:00,1,0.23295365273952484,0.767046332359314,mid,0.6,0.4,LONG
2024-11-13 08:00:00,1,0.1761721819639206,0.823827862739563,mid,0.6,0.4,LONG
2024-11-13 12:00:00,0,0.6067575812339783,0.39324241876602173,mid,0.6,0.4,SHORT
2024-11-14 04:00:00,0,0.8052112460136414,0.19478876888751984,mid,0.6,0.4,SHORT
2024-11-14 08:00:00,0,0.8377130627632141,0.1622869223356247,mid,0.6,0.4,SHORT
2024-11-14 16:00:00,0,0.738106369972229,0.261893630027771,mid,0.6,0.4,SHORT
2024-11-14 20:00:00,1,0.548886775970459,0.4511132538318634,high,0.72,0.28,NEUTRAL
2024-11-15 04:00:00,1,0.16537053883075714,0.834629476070404,mid,0.6,0.4,LONG
2024-11-15 12:00:00,1,0.14402426779270172,0.8559756875038147,mid,0.6,0.4,LONG
2024-11-17 20:00:00,1,0.2668437957763672,0.7331562638282776,low,0.55,0.45,LONG
2024-11-20 00:00:00,1,0.440092533826828,0.5599074363708496,low,0.55,0.45,LONG
2024-11-20 16:00:00,1,0.3549170196056366,0.6450830101966858,low,0.55,0.45,LONG
2024-11-20 20:00:00,1,0.6216181516647339,0.3783818483352661,low,0.55,0.45,SHORT
2024-11-21 00:00:00,1,0.42164376378059387,0.5783562064170837,low,0.55,0.45,LONG
2024-11-24 20:00:00,0,0.46796295046806335,0.532037079334259,low,0.55,0.45,NEUTRAL
2024-11-25 00:00:00,0,0.8811922073364258,0.11880774050951004,low,0.55,0.45,SHORT
2024-11-25 04:00:00,0,0.8374417424201965,0.16255825757980347,low,0.55,0.45,SHORT
2024-11-25 08:00:00,0,0.8637830018997192,0.13621695339679718,low,0.55,0.45,SHORT
2024-11-25 12:00:00,0,0.8367370963096619,0.16326290369033813,low,0.55,0.45,SHORT
2024-11-25 16:00:00,0,0.8657347559928894,0.1342652291059494,low,0.55,0.45,SHORT
2024-11-26 00:00:00,0,0.6120050549507141,0.3879948854446411,low,0.55,0.45,SHORT
2024-11-26 04:00:00,0,0.4176787734031677,0.5823212265968323,low,0.55,0.45,LONG
2024-11-26 20:00:00,1,0.39400506019592285,0.6059948801994324,mid,0.6,0.4,LONG
2024-11-27 00:00:00,1,0.203680619597435,0.7963193655014038,low,0.55,0.45,LONG
2024-11-27 04:00:00,1,0.21896642446517944,0.7810335159301758,low,0.55,0.45,LONG
2024-11-27 08:00:00,1,0.1551978439092636,0.8448021411895752,low,0.55,0.45,LONG
2024-11-28 20:00:00,1,0.4604000449180603,0.5395999550819397,low,0.55,0.45,NEUTRAL
2024-11-29 04:00:00,1,0.21306370198726654,0.7869362831115723,low,0.55,0.45,LONG
2024-12-04 12:00:00,1,0.17079512774944305,0.8292048573493958,low,0.55,0.45,LONG
2024-12-04 16:00:00,1,0.1393221765756607,0.8606778383255005,low,0.55,0.45,LONG
2024-12-04 20:00:00,1,0.21524575352668762,0.78475421667099,low,0.55,0.45,LONG
2024-12-05 00:00:00,0,0.6958723068237305,0.30412769317626953,low,0.55,0.45,SHORT
2024-12-05 04:00:00,0,0.6777295470237732,0.3222705125808716,low,0.55,0.45,SHORT
2024-12-05 08:00:00,0,0.7178453207015991,0.28215470910072327,low,0.55,0.45,SHORT
2024-12-05 12:00:00,0,0.618641197681427,0.3813587427139282,low,0.55,0.45,SHORT
2024-12-05 16:00:00,0,0.6015292406082153,0.3984707295894623,mid,0.6,0.4,SHORT
2024-12-06 00:00:00,1,0.2275959700345993,0.7724040150642395,mid,0.6,0.4,LONG
2024-12-06 04:00:00,1,0.2566877603530884,0.7433122396469116,mid,0.6,0.4,LONG
2024-12-06 08:00:00,1,0.1876208633184433,0.8123791813850403,mid,0.6,0.4,LONG
2024-12-08 20:00:00,0,0.313478022813797,0.6865220069885254,low,0.55,0.45,LONG
2024-12-09 04:00:00,0,0.706275999546051,0.2937239706516266,low,0.55,0.45,SHORT
2024-12-09 12:00:00,0,0.41826331615448,0.58173668384552,low,0.55,0.45,LONG
2024-12-09 16:00:00,0,0.5457550883293152,0.4542448818683624,low,0.55,0.45,NEUTRAL
2024-12-10 04:00:00,0,0.36811649799346924,0.6318835616111755,mid,0.6,0.4,LONG
2024-12-10 08:00:00,0,0.45875048637390137,0.5412495136260986,low,0.55,0.45,NEUTRAL
2024-12-10 20:00:00,1,0.3998965322971344,0.600103497505188,mid,0.6,0.4,LONG
2024-12-11 00:00:00,1,0.16343645751476288,0.8365635871887207,mid,0.6,0.4,LONG
2024-12-11 04:00:00,1,0.16428373754024506,0.8357162475585938,low,0.55,0.45,LONG
2024-12-11 08:00:00,1,0.14589013159275055,0.8541098833084106,low,0.55,0.45,LONG
2024-12-15 04:00:00,1,0.19598445296287537,0.804015576839447,low,0.55,0.45,LONG
2024-12-15 08:00:00,1,0.2693627178668976,0.73063725233078,low,0.55,0.45,LONG
2024-12-15 12:00:00,1,0.24287502467632294,0.7571250200271606,low,0.55,0.45,LONG
2024-12-15 16:00:00,1,0.1908418834209442,0.8091581463813782,low,0.55,0.45,LONG
2024-12-16 00:00:00,1,0.6484584212303162,0.35154157876968384,low,0.55,0.45,SHORT
2024-12-16 08:00:00,1,0.23439452052116394,0.7656054496765137,low,0.55,0.45,LONG
2024-12-17 12:00:00,0,0.6262725591659546,0.373727411031723,low,0.55,0.45,SHORT
2024-12-17 16:00:00,0,0.5456116199493408,0.45438843965530396,low,0.55,0.45,NEUTRAL
2024-12-18 04:00:00,0,0.7752917408943176,0.22470825910568237,low,0.55,0.45,SHORT
2024-12-18 08:00:00,0,0.7334024906158447,0.2665974795818329,low,0.55,0.45,SHORT
2024-12-18 12:00:00,0,0.8252751231193542,0.17472486197948456,low,0.55,0.45,SHORT
2024-12-18 16:00:00,0,0.8355528712272644,0.16444717347621918,low,0.55,0.45,SHORT
2024-12-19 04:00:00,0,0.7199775576591492,0.2800225019454956,low,0.55,0.45,SHORT
2024-12-19 08:00:00,0,0.7895210981369019,0.21047890186309814,low,0.55,0.45,SHORT
2024-12-19 12:00:00,0,0.7032442092895508,0.2967558205127716,low,0.55,0.45,SHORT
2024-12-19 16:00:00,0,0.3762485682964325,0.6237514615058899,mid,0.6,0.4,LONG
2024-12-19 20:00:00,0,0.5509504079818726,0.44904962182044983,mid,0.6,0.4,NEUTRAL
2024-12-20 00:00:00,0,0.6131776571273804,0.38682234287261963,mid,0.6,0.4,SHORT
2024-12-20 04:00:00,0,0.604515790939331,0.39548417925834656,mid,0.6,0.4,SHORT
2024-12-20 08:00:00,1,0.3253086805343628,0.6746912598609924,mid,0.6,0.4,LONG
2024-12-22 08:00:00,0,0.7665185332298279,0.23348143696784973,mid,0.6,0.4,SHORT
2024-12-23 00:00:00,0,0.3869161009788513,0.6130838990211487,mid,0.6,0.4,LONG
2024-12-23 04:00:00,0,0.4059084951877594,0.594091534614563,mid,0.6,0.4,NEUTRAL
2024-12-23 08:00:00,0,0.7349554896354675,0.26504451036453247,mid,0.6,0.4,SHORT
2024-12-23 20:00:00,1,0.35312554240226746,0.6468744277954102,mid,0.6,0.4,LONG
2024-12-24 00:00:00,1,0.17976818978786469,0.8202317953109741,mid,0.6,0.4,LONG
2024-12-24 04:00:00,1,0.17248710989952087,0.8275128602981567,mid,0.6,0.4,LONG
2024-12-24 08:00:00,1,0.13203266263008118,0.8679673075675964,mid,0.6,0.4,LONG
2024-12-25 16:00:00,0,0.4781171381473541,0.5218828916549683,low,0.55,0.45,NEUTRAL
2024-12-25 20:00:00,0,0.36137229204177856,0.6386277675628662,low,0.55,0.45,LONG
2024-12-26 00:00:00,0,0.6027835011482239,0.3972165286540985,low,0.55,0.45,SHORT
2024-12-27 00:00:00,0,0.36184385418891907,0.6381561160087585,low,0.55,0.45,LONG
2024-12-27 08:00:00,0,0.5518350005149841,0.44816502928733826,low,0.55,0.45,SHORT
2024-12-30 12:00:00,1,0.23126335442066193,0.7687366604804993,low,0.55,0.45,LONG
2024-12-30 20:00:00,1,0.34877830743789673,0.6512216925621033,low,0.55,0.45,LONG
2024-12-31 00:00:00,1,0.3459067940711975,0.6540932059288025,low,0.55,0.45,LONG
2024-12-31 04:00:00,1,0.21114633977413177,0.788853645324707,low,0.55,0.45,LONG
2025-01-01 20:00:00,1,0.431095153093338,0.5689048767089844,low,0.55,0.45,LONG
2025-01-05 20:00:00,1,0.22060751914978027,0.7793925404548645,low,0.55,0.45,LONG
2025-01-06 00:00:00,1,0.30423688888549805,0.695763111114502,low,0.55,0.45,LONG
2025-01-06 04:00:00,1,0.2384524941444397,0.7615475058555603,low,0.55,0.45,LONG
2025-01-06 08:00:00,1,0.31492406129837036,0.6850759983062744,low,0.55,0.45,LONG
2025-01-06 20:00:00,0,0.6010760068893433,0.39892399311065674,low,0.55,0.45,SHORT
2025-01-07 00:00:00,0,0.7972553968429565,0.20274466276168823,low,0.55,0.45,SHORT
2025-01-07 04:00:00,0,0.7331196665763855,0.2668803334236145,low,0.55,0.45,SHORT
2025-01-07 08:00:00,0,0.832656741142273,0.16734325885772705,low,0.55,0.45,SHORT
2025-01-08 00:00:00,0,0.729015052318573,0.2709849178791046,low,0.55,0.45,SHORT
2025-01-08 04:00:00,0,0.5354701280593872,0.4645298719406128,low,0.55,0.45,NEUTRAL
2025-01-08 12:00:00,0,0.5302111506462097,0.4697888493537903,low,0.55,0.45,NEUTRAL
2025-01-08 20:00:00,0,0.5094437003135681,0.4905562698841095,low,0.55,0.45,NEUTRAL
2025-01-09 12:00:00,0,0.5692594647407532,0.4307405352592468,low,0.55,0.45,SHORT
2025-01-09 16:00:00,1,0.5953920483589172,0.40460798144340515,low,0.55,0.45,SHORT
2025-01-10 08:00:00,0,0.5990301370620728,0.40096986293792725,low,0.55,0.45,SHORT
2025-01-12 16:00:00,0,0.7536715865135193,0.2463284581899643,low,0.55,0.45,SHORT
2025-01-12 20:00:00,0,0.6427280902862549,0.3572719693183899,low,0.55,0.45,SHORT
2025-01-13 00:00:00,0,0.7720631957054138,0.227936789393425,low,0.55,0.45,SHORT
2025-01-13 04:00:00,0,0.692418098449707,0.30758193135261536,low,0.55,0.45,SHORT
2025-01-13 12:00:00,1,0.1605779081583023,0.8394221067428589,low,0.55,0.45,LONG
2025-01-13 16:00:00,1,0.34405094385147095,0.6559489965438843,low,0.55,0.45,LONG
2025-01-14 20:00:00,1,0.4445367753505707,0.5554632544517517,low,0.55,0.45,LONG
2025-01-15 04:00:00,1,0.1905534267425537,0.8094465732574463,low,0.55,0.45,LONG
2025-01-15 08:00:00,1,0.15059241652488708,0.8494075536727905,low,0.55,0.45,LONG
2025-01-15 20:00:00,0,0.2788791358470917,0.7211208939552307,low,0.55,0.45,LONG
2025-01-16 20:00:00,1,0.4147517681121826,0.5852481722831726,low,0.55,0.45,LONG
2025-01-17 00:00:00,1,0.19718199968338013,0.8028180599212646,low,0.55,0.45,LONG
2025-01-17 04:00:00,1,0.23948106169700623,0.7605189681053162,low,0.55,0.45,LONG
2025-01-17 08:00:00,1,0.26186779141426086,0.7381321787834167,low,0.55,0.45,LONG
2025-01-17 16:00:00,0,0.49266019463539124,0.5073398351669312,low,0.55,0.45,NEUTRAL
2025-01-19 04:00:00,0,0.7594789862632751,0.24052101373672485,low,0.55,0.45,SHORT
2025-01-19 12:00:00,0,0.7952224016189575,0.2047775685787201,low,0.55,0.45,SHORT
2025-01-19 16:00:00,0,0.8387628197669983,0.16123712062835693,low,0.55,0.45,SHORT
2025-01-20 00:00:00,1,0.5933189392089844,0.40668100118637085,mid,0.6,0.4,NEUTRAL
2025-01-20 08:00:00,0,0.7516059875488281,0.24839399755001068,mid,0.6,0.4,SHORT
2025-01-20 16:00:00,0,0.5870258808135986,0.41297411918640137,high,0.72,0.28,NEUTRAL
2025-01-21 04:00:00,1,0.42106762528419495,0.5789324045181274,high,0.72,0.28,NEUTRAL
2025-01-21 08:00:00,1,0.3139461576938629,0.6860538125038147,high,0.72,0.28,NEUTRAL
2025-01-21 12:00:00,1,0.2702258825302124,0.7297741174697876,high,0.72,0.28,LONG
2025-01-22 16:00:00,0,0.5813016891479492,0.41869834065437317,mid,0.6,0.4,NEUTRAL
2025-01-23 00:00:00,1,0.24526093900203705,0.7547391057014465,mid,0.6,0.4,LONG
2025-01-23 04:00:00,1,0.20081940293312073,0.7991806268692017,mid,0.6,0.4,LONG
2025-01-23 08:00:00,1,0.1410587877035141,0.8589411973953247,mid,0.6,0.4,LONG
2025-01-24 00:00:00,1,0.2794911861419678,0.7205088138580322,mid,0.6,0.4,LONG
2025-01-26 08:00:00,0,0.8595686554908752,0.14043128490447998,low,0.55,0.45,SHORT
2025-01-26 12:00:00,0,0.8208906650543213,0.17910927534103394,low,0.55,0.45,SHORT
2025-01-26 16:00:00,0,0.8674879670143127,0.13251200318336487,low,0.55,0.45,SHORT
2025-01-26 20:00:00,0,0.6598643660545349,0.3401356637477875,low,0.55,0.45,SHORT
2025-01-27 00:00:00,0,0.7258527278900146,0.27414730191230774,low,0.55,0.45,SHORT
2025-01-27 04:00:00,1,0.28364306688308716,0.7163568735122681,low,0.55,0.45,LONG
2025-01-27 08:00:00,1,0.5019001960754395,0.4980998635292053,low,0.55,0.45,NEUTRAL
2025-01-27 16:00:00,1,0.5193895101547241,0.4806104600429535,low,0.55,0.45,NEUTRAL
2025-01-29 12:00:00,1,0.2069665938615799,0.7930333614349365,low,0.55,0.45,LONG
2025-01-31 08:00:00,0,0.7959704399108887,0.2040296047925949,low,0.55,0.45,SHORT
2025-01-31 12:00:00,0,0.8072018623352051,0.19279812276363373,low,0.55,0.45,SHORT
2025-02-02 04:00:00,0,0.5087398886680603,0.4912601411342621,low,0.55,0.45,NEUTRAL
2025-02-02 08:00:00,0,0.5952438116073608,0.40475621819496155,low,0.55,0.45,SHORT
2025-02-02 12:00:00,0,0.673173725605011,0.3268262445926666,low,0.55,0.45,SHORT
2025-02-02 16:00:00,0,0.561750590801239,0.4382493793964386,low,0.55,0.45,SHORT
2025-02-02 20:00:00,0,0.46415719389915466,0.535842776298523,low,0.55,0.45,NEUTRAL
2025-02-03 00:00:00,1,0.29041728377342224,0.7095826864242554,mid,0.6,0.4,LONG
2025-02-03 04:00:00,1,0.24953468143939972,0.7504652738571167,mid,0.6,0.4,LONG
2025-02-03 08:00:00,1,0.23224256932735443,0.7677574157714844,mid,0.6,0.4,LONG
2025-02-03 12:00:00,1,0.33756834268569946,0.6624316573143005,mid,0.6,0.4,LONG
2025-02-03 16:00:00,0,0.36871537566185,0.6312846541404724,mid,0.6,0.4,LONG
2025-02-03 20:00:00,0,0.4201873540878296,0.5798126459121704,mid,0.6,0.4,NEUTRAL
2025-02-04 12:00:00,0,0.6779038906097412,0.3220960795879364,mid,0.6,0.4,SHORT
2025-02-06 08:00:00,0,0.6128114461898804,0.38718852400779724,low,0.55,0.45,SHORT
2025-02-06 20:00:00,1,0.49072179198265076,0.5092781782150269,low,0.55,0.45,NEUTRAL
2025-02-07 04:00:00,1,0.467342734336853,0.532657265663147,low,0.55,0.45,NEUTRAL
2025-02-11 04:00:00,0,0.6524423956871033,0.34755760431289673,low,0.55,0.45,SHORT
2025-02-11 08:00:00,0,0.6218444108963013,0.37815555930137634,low,0.55,0.45,SHORT
2025-02-21 04:00:00,0,0.5898598432540894,0.41014012694358826,low,0.55,0.45,SHORT
2025-02-21 08:00:00,0,0.5624567270278931,0.4375433027744293,low,0.55,0.45,SHORT
2025-02-21 12:00:00,0,0.6339179277420044,0.3660820722579956,low,0.55,0.45,SHORT
2025-02-24 04:00:00,0,0.30350589752197266,0.6964940428733826,low,0.55,0.45,LONG
2025-02-24 08:00:00,0,0.39954760670661926,0.6004523634910583,low,0.55,0.45,LONG
2025-02-24 12:00:00,0,0.38510000705718994,0.6148999929428101,low,0.55,0.45,LONG
2025-02-24 16:00:00,0,0.45249271392822266,0.5475072860717773,low,0.55,0.45,NEUTRAL
2025-02-24 20:00:00,0,0.29331448674201965,0.7066855430603027,low,0.55,0.45,LONG
2025-02-25 00:00:00,0,0.37042877078056335,0.629571259021759,low,0.55,0.45,LONG
2025-02-25 04:00:00,0,0.30888915061950684,0.6911108493804932,low,0.55,0.45,LONG
2025-02-25 08:00:00,0,0.27423033118247986,0.7257696986198425,low,0.55,0.45,LONG
2025-02-25 20:00:00,0,0.30190959572792053,0.6980904340744019,mid,0.6,0.4,LONG
2025-02-26 00:00:00,0,0.33617129921913147,0.6638286709785461,mid,0.6,0.4,LONG
2025-02-26 04:00:00,0,0.3534758687019348,0.6465241312980652,low,0.55,0.45,LONG
2025-02-26 08:00:00,0,0.46064960956573486,0.5393503904342651,low,0.55,0.45,NEUTRAL
2025-02-26 12:00:00,0,0.4914604723453522,0.5085394978523254,mid,0.6,0.4,NEUTRAL
2025-02-26 20:00:00,1,0.3623543679714203,0.6376456022262573,mid,0.6,0.4,LONG
2025-02-27 04:00:00,0,0.3579117953777313,0.6420882344245911,mid,0.6,0.4,LONG
2025-02-27 08:00:00,0,0.40467485785484314,0.5953251123428345,mid,0.6,0.4,NEUTRAL
2025-02-27 12:00:00,0,0.38472437858581543,0.6152756810188293,mid,0.6,0.4,LONG
2025-02-27 16:00:00,0,0.3430127501487732,0.6569872498512268,mid,0.6,0.4,LONG
2025-02-27 20:00:00,0,0.32417047023773193,0.6758295297622681,mid,0.6,0.4,LONG
2025-02-28 04:00:00,1,0.2952081859111786,0.7047918438911438,high,0.72,0.28,NEUTRAL
2025-02-28 08:00:00,1,0.3327539563179016,0.6672460436820984,high,0.72,0.28,NEUTRAL
2025-02-28 12:00:00,1,0.32287168502807617,0.6771283149719238,high,0.72,0.28,NEUTRAL
2025-03-01 20:00:00,1,0.44699493050575256,0.553005039691925,mid,0.6,0.4,NEUTRAL
2025-03-02 00:00:00,1,0.17920731008052826,0.8207926750183105,mid,0.6,0.4,LONG
2025-03-02 04:00:00,1,0.14949999749660492,0.8504999876022339,mid,0.6,0.4,LONG
2025-03-02 08:00:00,1,0.13004477322101593,0.8699552416801453,mid,0.6,0.4,LONG
2025-03-02 12:00:00,1,0.14467160403728485,0.8553283214569092,mid,0.6,0.4,LONG
2025-03-02 20:00:00,0,0.41711148619651794,0.5828884840011597,mid,0.6,0.4,NEUTRAL
2025-03-03 00:00:00,0,0.5121090412139893,0.48789095878601074,mid,0.6,0.4,NEUTRAL
2025-03-03 04:00:00,0,0.5807338953018188,0.4192661643028259,mid,0.6,0.4,NEUTRAL
2025-03-03 08:00:00,0,0.6471895575523376,0.35281041264533997,mid,0.6,0.4,SHORT
2025-03-03 12:00:00,0,0.6516216993331909,0.3483782410621643,mid,0.6,0.4,SHORT
2025-03-03 20:00:00,0,0.43711093068122864,0.562889039516449,high,0.72,0.28,NEUTRAL
2025-03-04 12:00:00,1,0.2548096776008606,0.7451903820037842,high,0.72,0.28,LONG
2025-03-04 20:00:00,1,0.44825780391693115,0.5517421960830688,high,0.72,0.28,NEUTRAL
2025-03-05 00:00:00,1,0.3255680501461029,0.6744319796562195,high,0.72,0.28,NEUTRAL
2025-03-05 04:00:00,1,0.3400765657424927,0.6599234938621521,high,0.72,0.28,NEUTRAL
2025-03-05 12:00:00,1,0.41554054617881775,0.5844594240188599,high,0.72,0.28,NEUTRAL
2025-03-05 16:00:00,1,0.3877660930156708,0.6122339367866516,high,0.72,0.28,NEUTRAL
2025-03-06 00:00:00,0,0.5339840054512024,0.4660159945487976,high,0.72,0.28,NEUTRAL
2025-03-06 04:00:00,0,0.5866992473602295,0.4133007824420929,high,0.72,0.28,NEUTRAL
2025-03-06 08:00:00,0,0.5497098565101624,0.45029011368751526,mid,0.6,0.4,NEUTRAL
2025-03-06 12:00:00,0,0.42029860615730286,0.5797013640403748,mid,0.6,0.4,NEUTRAL
2025-03-07 00:00:00,1,0.30347496271133423,0.6965250372886658,high,0.72,0.28,NEUTRAL
2025-03-07 04:00:00,1,0.38746774196624756,0.6125322580337524,high,0.72,0.28,NEUTRAL
2025-03-07 12:00:00,0,0.5422499179840088,0.4577500820159912,high,0.72,0.28,NEUTRAL
2025-03-08 20:00:00,0,0.35800066590309143,0.641999363899231,mid,0.6,0.4,LONG
2025-03-09 00:00:00,0,0.7853924632072449,0.21460756659507751,mid,0.6,0.4,SHORT
2025-03-09 04:00:00,0,0.7529217004776001,0.2470783144235611,mid,0.6,0.4,SHORT
2025-03-09 08:00:00,0,0.6714699268341064,0.32853010296821594,mid,0.6,0.4,SHORT
2025-03-09 12:00:00,0,0.45033344626426697,0.5496665835380554,mid,0.6,0.4,NEUTRAL
2025-03-09 16:00:00,0,0.610014796257019,0.38998520374298096,mid,0.6,0.4,SHORT
2025-03-09 20:00:00,1,0.3877246081829071,0.6122753620147705,mid,0.6,0.4,LONG
2025-03-10 08:00:00,0,0.7087973356246948,0.29120269417762756,mid,0.6,0.4,SHORT
2025-03-10 12:00:00,0,0.44070374965667725,0.5592962503433228,high,0.72,0.28,NEUTRAL
2025-03-10 16:00:00,0,0.5018704533576965,0.49812957644462585,high,0.72,0.28,NEUTRAL
2025-03-11 00:00:00,1,0.2695710062980652,0.7304289937019348,high,0.72,0.28,LONG
2025-03-11 08:00:00,0,0.27404385805130005,0.7259562015533447,high,0.72,0.28,LONG
2025-03-11 12:00:00,1,0.2664750814437866,0.7335249185562134,high,0.72,0.28,LONG
2025-03-12 12:00:00,1,0.2099425196647644,0.7900575399398804,high,0.72,0.28,LONG
2025-03-12 20:00:00,0,0.32851266860961914,0.6714873313903809,mid,0.6,0.4,LONG
2025-03-13 00:00:00,0,0.6903115510940552,0.3096884787082672,mid,0.6,0.4,SHORT
2025-03-13 04:00:00,0,0.620020866394043,0.37997910380363464,mid,0.6,0.4,SHORT
2025-03-13 08:00:00,0,0.6191390156745911,0.3808610141277313,mid,0.6,0.4,SHORT
2025-03-13 16:00:00,1,0.39299944043159485,0.6070005297660828,mid,0.6,0.4,LONG
2025-03-13 20:00:00,1,0.3957515060901642,0.6042485237121582,mid,0.6,0.4,LONG
2025-03-14 00:00:00,1,0.21715085208415985,0.782849133014679,mid,0.6,0.4,LONG
2025-03-14 04:00:00,1,0.185240238904953,0.8147597312927246,mid,0.6,0.4,LONG
2025-03-16 08:00:00,1,0.27952829003334045,0.7204717397689819,low,0.55,0.45,LONG
2025-03-17 20:00:00,0,0.3256155848503113,0.6743844151496887,low,0.55,0.45,LONG
2025-03-19 00:00:00,1,0.2106347680091858,0.7893652319908142,low,0.55,0.45,LONG
2025-03-19 04:00:00,1,0.13054661452770233,0.8694533705711365,low,0.55,0.45,LONG
2025-03-19 08:00:00,1,0.11516202986240387,0.8848379254341125,low,0.55,0.45,LONG
2025-03-19 12:00:00,1,0.2298709750175476,0.7701290249824524,low,0.55,0.45,LONG
2025-03-23 16:00:00,1,0.3556799590587616,0.644320011138916,low,0.55,0.45,LONG
2025-03-23 20:00:00,1,0.5392359495162964,0.460764080286026,low,0.55,0.45,NEUTRAL
2025-03-27 20:00:00,0,0.33811476826667786,0.6618852615356445,low,0.55,0.45,LONG
2025-03-28 00:00:00,0,0.5339946746826172,0.46600526571273804,low,0.55,0.45,NEUTRAL
2025-03-31 20:00:00,1,0.5086699724197388,0.4913300573825836,low,0.55,0.45,NEUTRAL
2025-04-01 00:00:00,1,0.2884090542793274,0.7115909457206726,low,0.55,0.45,LONG
2025-04-02 00:00:00,1,0.6544708609580994,0.34552910923957825,low,0.55,0.45,SHORT
2025-04-02 04:00:00,1,0.6049203872680664,0.395079642534256,low,0.55,0.45,SHORT
2025-04-02 08:00:00,1,0.5678443312644958,0.43215566873550415,low,0.55,0.45,SHORT
2025-04-03 16:00:00,1,0.2808830738067627,0.7191169261932373,low,0.55,0.45,LONG
2025-04-06 00:00:00,0,0.3576672673225403,0.6423326730728149,low,0.55,0.45,LONG
2025-04-06 04:00:00,0,0.5636312961578369,0.4363687038421631,low,0.55,0.45,SHORT
2025-04-06 08:00:00,0,0.6103119254112244,0.389688104391098,low,0.55,0.45,SHORT
2025-04-06 12:00:00,0,0.5784823894500732,0.421517550945282,low,0.55,0.45,SHORT
2025-04-06 16:00:00,0,0.42391642928123474,0.5760835409164429,low,0.55,0.45,LONG
2025-04-06 20:00:00,0,0.5142534375190735,0.4857465326786041,low,0.55,0.45,NEUTRAL
2025-04-07 00:00:00,0,0.2672683894634247,0.7327315807342529,mid,0.6,0.4,LONG
2025-04-07 04:00:00,1,0.26808449625968933,0.7319154739379883,mid,0.6,0.4,LONG
2025-04-07 08:00:00,1,0.19582508504390717,0.8041749596595764,mid,0.6,0.4,LONG
2025-04-07 12:00:00,1,0.32023537158966064,0.6797646284103394,mid,0.6,0.4,LONG
2025-04-07 16:00:00,1,0.3074265420436859,0.6925734281539917,mid,0.6,0.4,LONG
2025-04-08 00:00:00,0,0.39107054471969604,0.6089295148849487,mid,0.6,0.4,LONG
2025-04-08 04:00:00,0,0.5657725930213928,0.4342274069786072,mid,0.6,0.4,NEUTRAL
2025-04-08 08:00:00,0,0.6367486119270325,0.36325135827064514,mid,0.6,0.4,SHORT
2025-04-08 12:00:00,0,0.6186481714248657,0.38135188817977905,mid,0.6,0.4,SHORT
2025-04-09 00:00:00,1,0.18095499277114868,0.8190450072288513,mid,0.6,0.4,LONG
2025-04-09 08:00:00,1,0.13531972467899323,0.8646803498268127,mid,0.6,0.4,LONG
2025-04-09 12:00:00,1,0.15605035424232483,0.8439496755599976,mid,0.6,0.4,LONG
2025-04-09 20:00:00,0,0.40557923913002014,0.5944207310676575,high,0.72,0.28,NEUTRAL
2025-04-10 00:00:00,0,0.6450237035751343,0.3549762964248657,high,0.72,0.28,NEUTRAL
2025-04-10 04:00:00,0,0.5609089136123657,0.43909114599227905,mid,0.6,0.4,NEUTRAL
2025-04-10 08:00:00,0,0.5882992744445801,0.41170069575309753,mid,0.6,0.4,NEUTRAL
2025-04-10 12:00:00,1,0.43336454033851624,0.5666354894638062,high,0.72,0.28,NEUTRAL
2025-04-10 16:00:00,1,0.5789914727210999,0.42100855708122253,high,0.72,0.28,NEUTRAL
2025-04-10 20:00:00,1,0.3780716061592102,0.6219284534454346,mid,0.6,0.4,LONG
2025-04-11 00:00:00,1,0.18233828246593475,0.817661702632904,mid,0.6,0.4,LONG
2025-04-11 04:00:00,1,0.20729415118694305,0.7927058339118958,mid,0.6,0.4,LONG
2025-04-12 08:00:00,1,0.15460360050201416,0.8453963994979858,mid,0.6,0.4,LONG
2025-04-20 08:00:00,1,0.8261004686355591,0.1738995611667633,low,0.55,0.45,SHORT
2025-04-20 12:00:00,1,0.08921828120946884,0.9107818007469177,low,0.55,0.45,LONG
2025-04-20 16:00:00,1,0.7400512099266052,0.2599487602710724,low,0.55,0.45,SHORT
2025-04-20 20:00:00,1,0.33507806062698364,0.6649219989776611,low,0.55,0.45,LONG
2025-04-21 20:00:00,1,0.7045390605926514,0.29546090960502625,low,0.55,0.45,SHORT
2025-04-22 00:00:00,1,0.34990212321281433,0.6500978469848633,low,0.55,0.45,LONG
2025-04-22 04:00:00,1,0.2216997593641281,0.7783002257347107,low,0.55,0.45,LONG
2025-04-22 08:00:00,1,0.5329262614250183,0.4670737087726593,low,0.55,0.45,NEUTRAL
2025-04-22 12:00:00,1,0.19530273973941803,0.8046972155570984,low,0.55,0.45,LONG
2025-04-22 16:00:00,1,0.2936844825744629,0.7063154578208923,low,0.55,0.45,LONG
2025-04-30 20:00:00,1,0.48966681957244873,0.5103331804275513,low,0.55,0.45,NEUTRAL
2025-05-06 08:00:00,1,0.08847928047180176,0.911520779132843,low,0.55,0.45,LONG
2025-05-06 12:00:00,1,0.127513125538826,0.8724868893623352,low,0.55,0.45,LONG
2025-05-07 16:00:00,1,0.30448585748672485,0.6955140829086304,low,0.55,0.45,LONG
2025-05-07 20:00:00,1,0.4462108612060547,0.5537891387939453,low,0.55,0.45,LONG
2025-05-08 04:00:00,1,0.2580222487449646,0.7419777512550354,low,0.55,0.45,LONG
2025-05-08 08:00:00,1,0.16469363868236542,0.8353064060211182,low,0.55,0.45,LONG
2025-05-08 12:00:00,1,0.42798539996147156,0.5720146298408508,low,0.55,0.45,LONG
2025-05-08 16:00:00,1,0.43641218543052673,0.5635878443717957,low,0.55,0.45,LONG
2025-05-12 04:00:00,0,0.5346893072128296,0.4653106927871704,low,0.55,0.45,NEUTRAL
2025-05-13 00:00:00,1,0.16411586105823517,0.835884153842926,low,0.55,0.45,LONG
2025-05-18 08:00:00,1,0.06496616452932358,0.9350337982177734,low,0.55,0.45,LONG
2025-05-18 16:00:00,1,0.1060292050242424,0.893970787525177,low,0.55,0.45,LONG
2025-05-18 20:00:00,0,0.49000242352485657,0.5099976062774658,low,0.55,0.45,NEUTRAL
2025-05-19 08:00:00,1,0.18638575077056885,0.8136142492294312,low,0.55,0.45,LONG
2025-05-21 04:00:00,1,0.12438169121742249,0.8756182789802551,low,0.55,0.45,LONG
2025-05-21 08:00:00,1,0.0991622656583786,0.9008377194404602,low,0.55,0.45,LONG
2025-05-21 16:00:00,1,0.18002337217330933,0.8199765682220459,low,0.55,0.45,LONG
2025-05-22 20:00:00,0,0.2858313322067261,0.7141686677932739,low,0.55,0.45,LONG
2025-05-23 00:00:00,0,0.64547199010849,0.3545279800891876,low,0.55,0.45,SHORT
2025-05-23 04:00:00,0,0.7802860736846924,0.2197139710187912,low,0.55,0.45,SHORT
2025-05-25 12:00:00,1,0.14896437525749207,0.8510356545448303,low,0.55,0.45,LONG
2025-05-29 08:00:00,0,0.6117749810218811,0.3882249891757965,low,0.55,0.45,SHORT
2025-06-05 00:00:00,0,0.39535990357398987,0.6046400666236877,low,0.55,0.45,LONG
2025-06-05 04:00:00,0,0.5551961064338684,0.444803923368454,low,0.55,0.45,SHORT
2025-06-05 08:00:00,0,0.522811233997345,0.47718876600265503,low,0.55,0.45,NEUTRAL
2025-06-05 12:00:00,0,0.5639029145240784,0.43609708547592163,low,0.55,0.45,SHORT
2025-06-05 20:00:00,1,0.4079306721687317,0.5920693278312683,low,0.55,0.45,LONG
2025-06-09 04:00:00,1,0.12851166725158691,0.8714882731437683,low,0.55,0.45,LONG
2025-06-12 08:00:00,0,0.389070600271225,0.6109293699264526,low,0.55,0.45,LONG
2025-06-12 12:00:00,0,0.2816494405269623,0.7183505892753601,low,0.55,0.45,LONG
2025-06-12 16:00:00,0,0.3390495479106903,0.6609504818916321,low,0.55,0.45,LONG
2025-06-17 00:00:00,0,0.7553265690803528,0.24467343091964722,low,0.55,0.45,SHORT
2025-06-17 04:00:00,0,0.6868549585342407,0.3131450116634369,low,0.55,0.45,SHORT
2025-06-20 04:00:00,0,0.4165835976600647,0.5834164023399353,low,0.55,0.45,LONG
2025-06-20 08:00:00,0,0.7089875936508179,0.29101234674453735,low,0.55,0.45,SHORT
2025-06-21 20:00:00,0,0.4618864953517914,0.5381134748458862,low,0.55,0.45,NEUTRAL
2025-06-22 00:00:00,0,0.5192872881889343,0.4807127118110657,low,0.55,0.45,NEUTRAL
2025-06-22 04:00:00,0,0.4032466411590576,0.5967532992362976,low,0.55,0.45,LONG
2025-06-22 08:00:00,0,0.45525339245796204,0.5447465777397156,low,0.55,0.45,NEUTRAL
2025-06-22 12:00:00,1,0.3529207408428192,0.6470792293548584,low,0.55,0.45,LONG
2025-06-22 16:00:00,1,0.34289631247520447,0.6571036577224731,low,0.55,0.45,LONG
2025-07-02 00:00:00,1,0.13581262528896332,0.8641873598098755,low,0.55,0.45,LONG
2025-07-09 00:00:00,1,0.23179388046264648,0.7682061195373535,low,0.55,0.45,LONG
2025-07-09 04:00:00,1,0.38692399859428406,0.6130760312080383,low,0.55,0.45,LONG
2025-07-10 04:00:00,1,0.3674016296863556,0.632598340511322,low,0.55,0.45,LONG
2025-07-10 08:00:00,1,0.31875231862068176,0.6812477111816406,low,0.55,0.45,LONG
2025-07-10 12:00:00,1,0.3423074781894684,0.657692551612854,low,0.55,0.45,LONG
2025-07-10 16:00:00,1,0.23874981701374054,0.7612501382827759,low,0.55,0.45,LONG
2025-07-13 12:00:00,1,0.3920062780380249,0.6079937219619751,low,0.55,0.45,LONG
2025-07-13 16:00:00,1,0.5547274947166443,0.4452725350856781,low,0.55,0.45,SHORT
2025-07-13 20:00:00,1,0.6706822514533997,0.32931768894195557,low,0.55,0.45,SHORT
2025-07-14 08:00:00,0,0.7355303764343262,0.26446962356567383,low,0.55,0.45,SHORT
2025-07-14 12:00:00,0,0.636052131652832,0.36394786834716797,low,0.55,0.45,SHORT
2025-07-14 16:00:00,0,0.7205708622932434,0.2794291377067566,low,0.55,0.45,SHORT
2025-07-14 20:00:00,0,0.4821851849555969,0.5178148150444031,low,0.55,0.45,NEUTRAL
2025-07-24 12:00:00,0,0.13524654507637024,0.8647534251213074,low,0.55,0.45,LONG
2025-07-24 16:00:00,0,0.09481024742126465,0.9051897525787354,low,0.55,0.45,LONG
2025-07-24 20:00:00,0,0.09149283915758133,0.9085071682929993,low,0.55,0.45,LONG
2025-07-31 08:00:00,0,0.42795753479003906,0.5720424652099609,low,0.55,0.45,LONG
2025-07-31 12:00:00,0,0.5411564707756042,0.45884349942207336,low,0.55,0.45,NEUTRAL
2025-08-10 08:00:00,1,0.7265232801437378,0.2734767496585846,low,0.55,0.45,SHORT
2025-08-10 16:00:00,1,0.5555077195167542,0.44449228048324585,low,0.55,0.45,SHORT
2025-08-13 04:00:00,1,0.24203042685985565,0.7579696178436279,low,0.55,0.45,LONG
2025-08-13 08:00:00,1,0.36801519989967346,0.6319847702980042,low,0.55,0.45,LONG
2025-08-13 20:00:00,0,0.8578329086303711,0.1421671360731125,low,0.55,0.45,SHORT
2025-08-14 00:00:00,0,0.3689378499984741,0.6310621500015259,low,0.55,0.45,LONG
2025-08-14 04:00:00,0,0.27393877506256104,0.726061224937439,low,0.55,0.45,LONG
2025-08-14 08:00:00,0,0.23049749433994293,0.7695025205612183,low,0.55,0.45,LONG
2025-08-21 20:00:00,1,0.1451895833015442,0.8548104763031006,low,0.55,0.45,LONG
2025-08-22 00:00:00,1,0.12352528423070908,0.8764747381210327,low,0.55,0.45,LONG
2025-08-22 04:00:00,1,0.17943941056728363,0.8205605745315552,low,0.55,0.45,LONG
2025-08-22 08:00:00,1,0.13349932432174683,0.8665006756782532,low,0.55,0.45,LONG
2025-08-24 00:00:00,0,0.21744565665721893,0.7825543880462646,low,0.55,0.45,LONG
2025-08-24 04:00:00,0,0.21603254973888397,0.7839674949645996,low,0.55,0.45,LONG
2025-08-24 08:00:00,0,0.15613265335559845,0.843867301940918,low,0.55,0.45,LONG
2025-08-24 12:00:00,0,0.16769348084926605,0.8323065638542175,low,0.55,0.45,LONG
2025-08-25 12:00:00,0,0.19170290231704712,0.8082970380783081,low,0.55,0.45,LONG
2025-08-28 20:00:00,0,0.3600139021873474,0.6399861574172974,low,0.55,0.45,LONG
2025-08-29 00:00:00,0,0.5108864307403564,0.48911353945732117,low,0.55,0.45,NEUTRAL
2025-09-04 12:00:00,1,0.1778889000415802,0.8221111297607422,low,0.55,0.45,LONG
2025-09-21 12:00:00,0,0.29364126920700073,0.7063587307929993,low,0.55,0.45,LONG
2025-09-21 16:00:00,0,0.36895400285720825,0.6310459971427917,low,0.55,0.45,LONG
2025-09-25 00:00:00,0,0.4953362047672272,0.5046638250350952,low,0.55,0.45,NEUTRAL
2025-09-30 20:00:00,1,0.5682974457740784,0.43170252442359924,low,0.55,0.45,SHORT
2025-10-01 00:00:00,1,0.5698585510253906,0.4301414489746094,low,0.55,0.45,SHORT
2025-10-01 04:00:00,1,0.5179142951965332,0.4820856750011444,low,0.55,0.45,NEUTRAL
2025-10-03 00:00:00,1,0.6632660627365112,0.3367339074611664,low,0.55,0.45,SHORT
2025-10-03 04:00:00,1,0.6554137468338013,0.34458619356155396,low,0.55,0.45,SHORT
2025-10-04 12:00:00,1,0.6334899067878723,0.3665100932121277,low,0.55,0.45,SHORT
2025-10-04 16:00:00,1,0.36392927169799805,0.636070728302002,low,0.55,0.45,LONG
2025-10-07 00:00:00,0,0.7039377093315125,0.29606232047080994,low,0.55,0.45,SHORT
2025-10-07 08:00:00,0,0.511387050151825,0.48861294984817505,low,0.55,0.45,NEUTRAL
2025-10-10 00:00:00,0,0.4150127172470093,0.5849872827529907,low,0.55,0.45,LONG
2025-10-10 04:00:00,0,0.251065731048584,0.7489343285560608,low,0.55,0.45,LONG
2025-10-10 08:00:00,0,0.28752103447914124,0.7124789953231812,low,0.55,0.45,LONG
2025-10-10 12:00:00,0,0.1263405978679657,0.8736593723297119,low,0.55,0.45,LONG
2025-10-10 16:00:00,0,0.10626426339149475,0.8937357068061829,low,0.55,0.45,LONG
2025-10-12 00:00:00,1,0.252273291349411,0.7477266788482666,mid,0.6,0.4,LONG
2025-10-12 04:00:00,1,0.4846629202365875,0.5153371095657349,mid,0.6,0.4,NEUTRAL
2025-10-12 08:00:00,1,0.7501798868179321,0.24982011318206787,mid,0.6,0.4,SHORT
2025-10-13 16:00:00,0,0.1678818017244339,0.8321182131767273,low,0.55,0.45,LONG
2025-10-13 20:00:00,0,0.1670471876859665,0.8329528570175171,low,0.55,0.45,LONG
2025-10-14 00:00:00,0,0.5066617131233215,0.49333828687667847,low,0.55,0.45,NEUTRAL
2025-10-16 00:00:00,0,0.6489366888999939,0.3510633111000061,low,0.55,0.45,SHORT
2025-10-16 08:00:00,0,0.6892275214195251,0.31077250838279724,low,0.55,0.45,SHORT
2025-10-16 16:00:00,0,0.5654153823852539,0.4345845580101013,low,0.55,0.45,SHORT
2025-10-16 20:00:00,0,0.5592754483222961,0.44072461128234863,low,0.55,0.45,SHORT
2025-10-17 00:00:00,0,0.2600418031215668,0.7399581670761108,low,0.55,0.45,LONG
2025-10-20 12:00:00,0,0.6929559111595154,0.30704405903816223,low,0.55,0.45,SHORT
2025-10-20 16:00:00,0,0.6966915726661682,0.3033083975315094,low,0.55,0.45,SHORT
2025-10-21 00:00:00,1,0.4316003918647766,0.5683996677398682,low,0.55,0.45,LONG
2025-10-21 04:00:00,1,0.43843454122543335,0.5615654587745667,low,0.55,0.45,LONG
2025-10-21 08:00:00,1,0.34453609585762024,0.6554638743400574,low,0.55,0.45,LONG
2025-10-21 12:00:00,0,0.574529767036438,0.425470232963562,low,0.55,0.45,SHORT
2025-10-21 16:00:00,0,0.5182558298110962,0.4817441701889038,low,0.55,0.45,NEUTRAL
2025-10-26 04:00:00,1,0.2139628380537033,0.7860372066497803,low,0.55,0.45,LONG
2025-10-29 04:00:00,0,0.23767684400081635,0.7623232007026672,low,0.55,0.45,LONG
2025-10-29 08:00:00,0,0.23235026001930237,0.76764976978302,low,0.55,0.45,LONG
2025-10-29 12:00:00,0,0.14809457957744598,0.8519054055213928,low,0.55,0.45,LONG
2025-10-30 00:00:00,0,0.1421481966972351,0.8578518629074097,low,0.55,0.45,LONG
2025-10-30 04:00:00,0,0.13096614181995392,0.8690338134765625,low,0.55,0.45,LONG
2025-10-30 08:00:00,0,0.10485916584730148,0.8951408267021179,low,0.55,0.45,LONG
2025-10-30 16:00:00,1,0.11268632113933563,0.887313723564148,low,0.55,0.45,LONG
2025-11-02 16:00:00,0,0.09127810597419739,0.9087218642234802,low,0.55,0.45,LONG
2025-11-02 20:00:00,0,0.07067874073982239,0.9293212890625,low,0.55,0.45,LONG
2025-11-03 16:00:00,0,0.07404255867004395,0.925957441329956,low,0.55,0.45,LONG
2025-11-03 20:00:00,0,0.12107659131288528,0.8789233565330505,low,0.55,0.45,LONG
2025-11-04 00:00:00,0,0.10742419958114624,0.8925758600234985,low,0.55,0.45,LONG
2025-11-04 04:00:00,0,0.08520294725894928,0.9147971272468567,low,0.55,0.45,LONG
2025-11-04 08:00:00,0,0.07916189730167389,0.9208381175994873,low,0.55,0.45,LONG
2025-11-04 12:00:00,0,0.0942194014787674,0.9057806134223938,low,0.55,0.45,LONG
2025-11-06 00:00:00,0,0.5917637944221497,0.40823617577552795,low,0.55,0.45,SHORT
2025-11-07 08:00:00,1,0.16587544977664948,0.8341245651245117,low,0.55,0.45,LONG
2025-11-07 12:00:00,1,0.15082408487796783,0.8491759300231934,low,0.55,0.45,LONG
2025-11-09 00:00:00,1,0.40358272194862366,0.5964173078536987,low,0.55,0.45,LONG
2025-11-09 04:00:00,1,0.49120718240737915,0.5087928175926208,low,0.55,0.45,NEUTRAL
2025-11-09 08:00:00,1,0.5849918723106384,0.4150080978870392,low,0.55,0.45,SHORT
2025-11-11 00:00:00,0,0.2216036319732666,0.7783963680267334,low,0.55,0.45,LONG
2025-11-12 08:00:00,0,0.15043073892593384,0.8495692610740662,low,0.55,0.45,LONG
2025-11-13 04:00:00,0,0.13837848603725433,0.8616215586662292,low,0.55,0.45,LONG
2025-11-13 08:00:00,0,0.11909525096416473,0.8809047937393188,low,0.55,0.45,LONG
2025-11-13 12:00:00,0,0.11999433487653732,0.8800056576728821,low,0.55,0.45,LONG
2025-11-13 20:00:00,0,0.12815327942371368,0.8718466758728027,low,0.55,0.45,LONG
2025-11-14 00:00:00,0,0.15444856882095337,0.8455514907836914,low,0.55,0.45,LONG
2025-11-14 04:00:00,0,0.17092803120613098,0.8290719389915466,mid,0.6,0.4,LONG
2025-11-16 04:00:00,0,0.21263524889945984,0.7873647809028625,low,0.55,0.45,LONG
2025-11-17 00:00:00,0,0.23897993564605713,0.7610200643539429,low,0.55,0.45,LONG
2025-11-17 04:00:00,0,0.24978643655776978,0.7502135634422302,low,0.55,0.45,LONG
2025-11-17 08:00:00,0,0.2258199155330658,0.7741800546646118,low,0.55,0.45,LONG
2025-11-17 12:00:00,0,0.22013244032859802,0.7798675894737244,low,0.55,0.45,LONG
2025-11-17 20:00:00,0,0.17579470574855804,0.8242052793502808,low,0.55,0.45,LONG
2025-11-18 04:00:00,1,0.24438735842704773,0.7556126713752747,low,0.55,0.45,LONG
2025-11-18 12:00:00,0,0.403495728969574,0.5965043306350708,low,0.55,0.45,LONG
2025-11-18 16:00:00,0,0.44940921664237976,0.5505908131599426,low,0.55,0.45,LONG
2025-11-18 20:00:00,0,0.5541414618492126,0.44585856795310974,low,0.55,0.45,SHORT
2025-11-19 00:00:00,0,0.5377560257911682,0.4622439742088318,low,0.55,0.45,NEUTRAL
2025-11-19 04:00:00,0,0.5807990431785583,0.41920095682144165,low,0.55,0.45,SHORT
2025-11-19 08:00:00,0,0.5336706042289734,0.4663293659687042,low,0.55,0.45,NEUTRAL
2025-11-19 12:00:00,1,0.51615309715271,0.48384690284729004,low,0.55,0.45,NEUTRAL
2025-11-19 16:00:00,1,0.41227543354034424,0.5877245664596558,low,0.55,0.45,LONG
2025-11-20 00:00:00,0,0.2801944613456726,0.7198055386543274,low,0.55,0.45,LONG
2025-11-20 04:00:00,0,0.36326858401298523,0.6367314457893372,low,0.55,0.45,LONG
2025-11-20 08:00:00,0,0.2668607234954834,0.7331393361091614,low,0.55,0.45,LONG
2025-11-20 12:00:00,0,0.171461820602417,0.828538179397583,mid,0.6,0.4,LONG
2025-11-20 20:00:00,0,0.16113370656967163,0.8388662338256836,mid,0.6,0.4,LONG
2025-11-21 00:00:00,0,0.1570042073726654,0.8429957628250122,mid,0.6,0.4,LONG
2025-11-21 12:00:00,1,0.18265096843242645,0.8173490166664124,high,0.72,0.28,LONG
2025-11-22 12:00:00,1,0.3137773275375366,0.6862227320671082,mid,0.6,0.4,LONG
2025-11-24 08:00:00,1,0.5072090029716492,0.4927910268306732,mid,0.6,0.4,NEUTRAL
2025-11-24 12:00:00,1,0.4686424732208252,0.5313575267791748,mid,0.6,0.4,NEUTRAL
2025-11-26 00:00:00,1,0.2342003434896469,0.7657997012138367,low,0.55,0.45,LONG
2025-11-26 08:00:00,1,0.22489215433597565,0.7751078605651855,low,0.55,0.45,LONG
2025-11-26 12:00:00,1,0.22717301547527313,0.7728269696235657,low,0.55,0.45,LONG
2025-11-30 08:00:00,0,0.11039605736732483,0.8896039128303528,low,0.55,0.45,LONG
2025-11-30 12:00:00,0,0.21910251677036285,0.7808974385261536,low,0.55,0.45,LONG
2025-11-30 16:00:00,0,0.1297713816165924,0.87022864818573,low,0.55,0.45,LONG
2025-11-30 20:00:00,0,0.12375691533088684,0.8762430548667908,low,0.55,0.45,LONG
2025-12-01 04:00:00,0,0.3408888876438141,0.6591111421585083,low,0.55,0.45,LONG
2025-12-01 12:00:00,1,0.24301061034202576,0.7569893598556519,low,0.55,0.45,LONG
2025-12-01 16:00:00,1,0.24799372255802155,0.7520062327384949,low,0.55,0.45,LONG
2025-12-01 20:00:00,1,0.4787765145301819,0.5212234854698181,low,0.55,0.45,NEUTRAL
2025-12-02 00:00:00,1,0.46929341554641724,0.5307065844535828,low,0.55,0.45,NEUTRAL
2025-12-02 04:00:00,1,0.41260895133018494,0.5873910784721375,low,0.55,0.45,LONG
2025-12-02 08:00:00,1,0.6019911170005798,0.39800891280174255,low,0.55,0.45,SHORT
2025-12-02 12:00:00,1,0.7251414656639099,0.2748585343360901,low,0.55,0.45,SHORT
2025-12-05 00:00:00,0,0.19992263615131378,0.8000773787498474,low,0.55,0.45,LONG
2025-12-05 04:00:00,0,0.22150851786136627,0.7784914374351501,low,0.55,0.45,LONG
2025-12-05 08:00:00,0,0.1806853711605072,0.8193145990371704,low,0.55,0.45,LONG
2025-12-09 00:00:00,1,0.2171688824892044,0.782831072807312,low,0.55,0.45,LONG
2025-12-09 04:00:00,1,0.1384512335062027,0.8615487217903137,low,0.55,0.45,LONG
2025-12-09 08:00:00,1,0.12449172139167786,0.8755082488059998,low,0.55,0.45,LONG
2025-12-11 04:00:00,1,0.32377883791923523,0.6762211322784424,low,0.55,0.45,LONG
2025-12-11 08:00:00,1,0.35526949167251587,0.6447305083274841,low,0.55,0.45,LONG
2025-12-11 12:00:00,1,0.19968150556087494,0.8003184795379639,low,0.55,0.45,LONG
2025-12-12 00:00:00,0,0.5671175122261047,0.43288251757621765,low,0.55,0.45,SHORT
2025-12-12 04:00:00,0,0.38480308651924133,0.6151968836784363,low,0.55,0.45,LONG
2025-12-12 08:00:00,0,0.6110956072807312,0.3889043927192688,low,0.55,0.45,SHORT
2025-12-15 00:00:00,0,0.14663930237293243,0.853360652923584,low,0.55,0.45,LONG
2025-12-15 04:00:00,0,0.16651788353919983,0.8334821462631226,low,0.55,0.45,LONG
2025-12-15 08:00:00,0,0.2637272775173187,0.7362726926803589,low,0.55,0.45,LONG
2025-12-17 00:00:00,1,0.4755145013332367,0.5244855284690857,low,0.55,0.45,NEUTRAL
2025-12-17 04:00:00,1,0.270033597946167,0.7299664616584778,low,0.55,0.45,LONG
2025-12-17 08:00:00,1,0.24685746431350708,0.7531424760818481,low,0.55,0.45,LONG
2025-12-17 20:00:00,1,0.23510560393333435,0.764894425868988,low,0.55,0.45,LONG
2025-12-18 00:00:00,1,0.274444580078125,0.725555419921875,low,0.55,0.45,LONG
2025-12-18 04:00:00,1,0.23169849812984467,0.7683015465736389,low,0.55,0.45,LONG
2025-12-18 12:00:00,0,0.386493057012558,0.6135069131851196,low,0.55,0.45,LONG
2025-12-18 16:00:00,1,0.3004879951477051,0.6995120048522949,low,0.55,0.45,LONG
2025-12-18 20:00:00,1,0.3093010485172272,0.6906989812850952,low,0.55,0.45,LONG
2025-12-28 16:00:00,1,0.06999512016773224,0.930004894733429,low,0.55,0.45,LONG
2025-12-29 00:00:00,0,0.09845186024904251,0.9015481472015381,low,0.55,0.45,LONG
2025-12-29 04:00:00,0,0.10490692406892776,0.8950930237770081,low,0.55,0.45,LONG
2026-01-13 00:00:00,1,0.165247842669487,0.8347521424293518,low,0.55,0.45,LONG
2026-01-13 04:00:00,1,0.33404725790023804,0.6659526824951172,low,0.55,0.45,LONG
2026-01-13 08:00:00,1,0.4973004162311554,0.502699613571167,low,0.55,0.45,NEUTRAL
2026-01-13 12:00:00,1,0.7691835165023804,0.23081645369529724,low,0.55,0.45,SHORT
2026-01-14 08:00:00,1,0.2882927656173706,0.7117071747779846,low,0.55,0.45,LONG
2026-01-18 08:00:00,0,0.7563015818595886,0.24369841814041138,low,0.55,0.45,SHORT
2026-01-18 12:00:00,0,0.6770368218421936,0.32296323776245117,low,0.55,0.45,SHORT
2026-01-18 16:00:00,0,0.7009258270263672,0.2990741729736328,low,0.55,0.45,SHORT
2026-01-20 00:00:00,0,0.15306490659713745,0.8469351530075073,low,0.55,0.45,LONG
2026-01-20 04:00:00,0,0.17751744389533997,0.8224825263023376,low,0.55,0.45,LONG
2026-01-20 08:00:00,0,0.14572018384933472,0.8542798757553101,low,0.55,0.45,LONG
2026-01-20 12:00:00,0,0.2485489845275879,0.7514510154724121,low,0.55,0.45,LONG
2026-01-21 12:00:00,0,0.2197398543357849,0.7802601456642151,low,0.55,0.45,LONG
2026-01-25 00:00:00,0,0.11006224155426025,0.8899378180503845,low,0.55,0.45,LONG
2026-01-28 20:00:00,0,0.19888915121555328,0.8011108636856079,low,0.55,0.45,LONG
2026-01-29 00:00:00,0,0.3363732397556305,0.6636267900466919,low,0.55,0.45,LONG
2026-01-29 04:00:00,0,0.33340954780578613,0.6665905117988586,low,0.55,0.45,LONG
2026-01-29 08:00:00,0,0.29164326190948486,0.7083566784858704,low,0.55,0.45,LONG
2026-01-29 12:00:00,0,0.18831048905849457,0.8116894960403442,low,0.55,0.45,LONG
2026-01-29 16:00:00,0,0.21553447842597961,0.784465491771698,low,0.55,0.45,LONG
2026-01-29 20:00:00,0,0.22334453463554382,0.7766554951667786,low,0.55,0.45,LONG
2026-01-30 20:00:00,0,0.4318156838417053,0.5681843161582947,low,0.55,0.45,LONG
2026-01-31 00:00:00,0,0.36615559458732605,0.6338443756103516,low,0.55,0.45,LONG
2026-01-31 04:00:00,0,0.35101741552352905,0.648982584476471,low,0.55,0.45,LONG
2026-01-31 08:00:00,0,0.37198811769485474,0.6280118227005005,low,0.55,0.45,LONG
2026-01-31 12:00:00,0,0.2720808684825897,0.7279191017150879,low,0.55,0.45,LONG
2026-02-01 04:00:00,0,0.27006441354751587,0.7299355864524841,mid,0.6,0.4,LONG
2026-02-01 08:00:00,0,0.23567725718021393,0.7643227577209473,mid,0.6,0.4,LONG
2026-02-01 12:00:00,0,0.2707873284816742,0.7292127013206482,mid,0.6,0.4,LONG
2026-02-01 16:00:00,0,0.3076211214065552,0.6923788785934448,mid,0.6,0.4,LONG
2026-02-02 04:00:00,1,0.2486526519060135,0.7513473033905029,mid,0.6,0.4,LONG
2026-02-03 00:00:00,0,0.5460986495018005,0.4539013206958771,mid,0.6,0.4,NEUTRAL
2026-02-03 04:00:00,0,0.5769081711769104,0.4230918884277344,mid,0.6,0.4,NEUTRAL
2026-02-03 08:00:00,0,0.46323806047439575,0.5367619395256042,mid,0.6,0.4,NEUTRAL
2026-02-03 12:00:00,0,0.4503413736820221,0.5496586561203003,mid,0.6,0.4,NEUTRAL
2026-02-04 00:00:00,0,0.3387991487979889,0.6612008810043335,mid,0.6,0.4,LONG
2026-02-04 04:00:00,0,0.3592930734157562,0.6407069563865662,mid,0.6,0.4,LONG
2026-02-04 08:00:00,0,0.27998432517051697,0.7200157046318054,mid,0.6,0.4,LONG
2026-02-04 12:00:00,0,0.2596352696418762,0.7403647303581238,mid,0.6,0.4,LONG
2026-02-04 16:00:00,0,0.3245302438735962,0.6754698157310486,mid,0.6,0.4,LONG
2026-02-04 20:00:00,0,0.2787451148033142,0.7212549448013306,mid,0.6,0.4,LONG
2026-02-05 00:00:00,0,0.2671596109867096,0.732840359210968,high,0.72,0.28,LONG
2026-02-05 08:00:00,0,0.31578853726387024,0.6842114329338074,high,0.72,0.28,NEUTRAL
2026-02-05 16:00:00,0,0.28690025210380554,0.7130997776985168,high,0.72,0.28,NEUTRAL
2026-02-06 00:00:00,1,0.3644430339336395,0.6355569362640381,high,0.72,0.28,NEUTRAL
2026-02-06 04:00:00,1,0.3486679792404175,0.6513320207595825,high,0.72,0.28,NEUTRAL
2026-02-06 08:00:00,1,0.4564222991466522,0.5435777306556702,high,0.72,0.28,NEUTRAL
2026-02-06 12:00:00,1,0.4582727551460266,0.5417271852493286,high,0.72,0.28,NEUTRAL
2026-02-06 16:00:00,0,0.6116154193878174,0.38838455080986023,high,0.72,0.28,NEUTRAL
2026-02-07 00:00:00,0,0.5236830115318298,0.47631701827049255,high,0.72,0.28,NEUTRAL
2026-02-07 20:00:00,1,0.32244110107421875,0.677558958530426,high,0.72,0.28,NEUTRAL
2026-02-08 00:00:00,1,0.3566747307777405,0.6433252692222595,high,0.72,0.28,NEUTRAL
2026-02-08 04:00:00,1,0.39781469106674194,0.6021853685379028,high,0.72,0.28,NEUTRAL
2026-02-08 16:00:00,0,0.5470341444015503,0.4529658555984497,high,0.72,0.28,NEUTRAL
2026-02-09 00:00:00,0,0.6093807220458984,0.39061933755874634,high,0.72,0.28,NEUTRAL
2026-02-09 04:00:00,0,0.5287444591522217,0.47125551104545593,high,0.72,0.28,NEUTRAL
2026-02-09 08:00:00,1,0.3559502065181732,0.6440497636795044,high,0.72,0.28,NEUTRAL
2026-02-09 16:00:00,0,0.4507431387901306,0.5492568612098694,high,0.72,0.28,NEUTRAL
2026-02-09 20:00:00,0,0.36516645550727844,0.634833574295044,mid,0.6,0.4,LONG
2026-02-10 12:00:00,0,0.29918792843818665,0.700812041759491,mid,0.6,0.4,LONG
2026-02-10 16:00:00,0,0.252112478017807,0.7478875517845154,mid,0.6,0.4,LONG
2026-02-10 20:00:00,0,0.24559924006462097,0.7544007301330566,mid,0.6,0.4,LONG
2026-02-11 00:00:00,0,0.18537594377994537,0.8146241307258606,mid,0.6,0.4,LONG
2026-02-12 00:00:00,0,0.24876311421394348,0.7512369155883789,mid,0.6,0.4,LONG
2026-02-12 08:00:00,0,0.3901040554046631,0.6098959445953369,mid,0.6,0.4,LONG
2026-02-12 12:00:00,0,0.5291959643363953,0.47080403566360474,mid,0.6,0.4,NEUTRAL
2026-02-12 20:00:00,1,0.20431193709373474,0.7956880331039429,mid,0.6,0.4,LONG
2026-02-13 00:00:00,1,0.23291920125484467,0.7670807838439941,mid,0.6,0.4,LONG
2026-02-13 04:00:00,1,0.32028910517692566,0.6797109246253967,mid,0.6,0.4,LONG
2026-02-13 08:00:00,1,0.22536692023277283,0.7746331095695496,mid,0.6,0.4,LONG
2026-02-15 04:00:00,0,0.4605439603328705,0.5394560694694519,low,0.55,0.45,NEUTRAL
2026-02-15 08:00:00,0,0.42342743277549744,0.576572597026825,low,0.55,0.45,LONG
2026-02-16 20:00:00,0,0.3575722277164459,0.6424278020858765,low,0.55,0.45,LONG
2026-02-18 04:00:00,0,0.4337245523929596,0.5662754774093628,low,0.55,0.45,LONG
2026-02-22 08:00:00,0,0.0744592696428299,0.9255407452583313,low,0.55,0.45,LONG
2026-02-22 12:00:00,0,0.08124832808971405,0.9187516570091248,low,0.55,0.45,LONG
2026-02-22 16:00:00,0,0.08935587853193283,0.9106441736221313,low,0.55,0.45,LONG
2026-02-22 20:00:00,0,0.08786524087190628,0.9121347665786743,low,0.55,0.45,LONG
2026-02-23 04:00:00,0,0.21424782276153564,0.7857521176338196,low,0.55,0.45,LONG
2026-02-23 08:00:00,0,0.14066500961780548,0.8593349456787109,low,0.55,0.45,LONG
2026-02-23 12:00:00,0,0.13825787603855133,0.8617421388626099,low,0.55,0.45,LONG
2026-02-23 20:00:00,0,0.3017127215862274,0.6982872486114502,low,0.55,0.45,LONG
2026-02-24 08:00:00,1,0.1173161119222641,0.8826838731765747,low,0.55,0.45,LONG
2026-02-24 12:00:00,1,0.2241533398628235,0.7758466601371765,low,0.55,0.45,LONG
2026-02-24 20:00:00,1,0.2545691430568695,0.7454308867454529,low,0.55,0.45,LONG
2026-02-25 00:00:00,1,0.11343017965555191,0.8865697979927063,low,0.55,0.45,LONG
2026-02-25 04:00:00,1,0.14225399494171143,0.8577459454536438,low,0.55,0.45,LONG
2026-02-25 08:00:00,1,0.12329573184251785,0.8767042756080627,low,0.55,0.45,LONG
2026-02-25 12:00:00,1,0.29345831274986267,0.7065417170524597,low,0.55,0.45,LONG
2026-02-27 00:00:00,0,0.17623206973075867,0.823767900466919,low,0.55,0.45,LONG
2026-02-27 04:00:00,0,0.2959049344062805,0.7040950655937195,low,0.55,0.45,LONG
2026-02-27 12:00:00,0,0.13709616661071777,0.8629037737846375,low,0.55,0.45,LONG
2026-02-27 16:00:00,0,0.15885229408740997,0.8411477208137512,low,0.55,0.45,LONG
2026-02-27 20:00:00,0,0.2239275425672531,0.7760725021362305,low,0.55,0.45,LONG
2026-02-28 00:00:00,0,0.16404004395008087,0.8359599113464355,low,0.55,0.45,LONG
2026-02-28 04:00:00,1,0.11563458293676376,0.8843653798103333,mid,0.6,0.4,LONG
2026-02-28 08:00:00,1,0.12829795479774475,0.8717020750045776,mid,0.6,0.4,LONG
2026-02-28 12:00:00,1,0.16255173087120056,0.8374482989311218,mid,0.6,0.4,LONG
2026-03-01 04:00:00,0,0.228890523314476,0.771109402179718,mid,0.6,0.4,LONG
2026-03-01 20:00:00,1,0.13731540739536285,0.8626846075057983,mid,0.6,0.4,LONG
2026-03-02 04:00:00,1,0.10585252195596695,0.8941474556922913,mid,0.6,0.4,LONG
2026-03-02 16:00:00,0,0.41246646642684937,0.5875335931777954,mid,0.6,0.4,NEUTRAL
2026-03-02 20:00:00,0,0.5133060216903687,0.48669400811195374,mid,0.6,0.4,NEUTRAL
2026-03-03 00:00:00,0,0.12312968820333481,0.876870334148407,mid,0.6,0.4,LONG
2026-03-03 20:00:00,1,0.1440298706293106,0.8559700846672058,mid,0.6,0.4,LONG
2026-03-04 00:00:00,1,0.1723794937133789,0.8276205658912659,mid,0.6,0.4,LONG
2026-03-04 04:00:00,1,0.31750115752220154,0.6824988722801208,mid,0.6,0.4,LONG
2026-03-04 08:00:00,1,0.38731929659843445,0.6126807332038879,mid,0.6,0.4,LONG
2026-03-05 08:00:00,0,0.2750566601753235,0.7249433398246765,mid,0.6,0.4,LONG
2026-03-05 20:00:00,0,0.1805565357208252,0.81944340467453,mid,0.6,0.4,LONG
2026-03-06 00:00:00,0,0.17289100587368011,0.8271089792251587,mid,0.6,0.4,LONG
2026-03-06 04:00:00,0,0.17970530688762665,0.8202946782112122,mid,0.6,0.4,LONG
2026-03-06 08:00:00,0,0.11531630158424377,0.8846837282180786,mid,0.6,0.4,LONG
2026-03-08 20:00:00,1,0.12357815355062485,0.8764218688011169,low,0.55,0.45,LONG
2026-03-09 00:00:00,1,0.22949203848838806,0.7705079317092896,low,0.55,0.45,LONG
2026-03-09 08:00:00,1,0.5890892744064331,0.4109107255935669,low,0.55,0.45,SHORT
2026-03-09 16:00:00,1,0.6829782128334045,0.31702181696891785,low,0.55,0.45,SHORT
2026-03-09 20:00:00,1,0.6428889632225037,0.35711100697517395,low,0.55,0.45,SHORT
2026-03-10 00:00:00,1,0.26070982217788696,0.739290177822113,low,0.55,0.45,LONG
2026-03-11 08:00:00,1,0.14632759988307953,0.853672444820404,low,0.55,0.45,LONG
2026-03-12 16:00:00,1,0.3772297203540802,0.6227703094482422,low,0.55,0.45,LONG
2026-03-12 20:00:00,1,0.38306641578674316,0.6169336438179016,low,0.55,0.45,LONG
2026-03-13 00:00:00,1,0.19554197788238525,0.8044580221176147,low,0.55,0.45,LONG
2026-03-13 04:00:00,1,0.3810429871082306,0.618956983089447,low,0.55,0.45,LONG
2026-03-15 08:00:00,1,0.3976903557777405,0.6023095846176147,low,0.55,0.45,LONG
2026-03-15 12:00:00,1,0.3239077925682068,0.6760922074317932,low,0.55,0.45,LONG
2026-03-15 16:00:00,1,0.30444785952568054,0.6955521702766418,low,0.55,0.45,LONG
2026-03-16 08:00:00,1,0.5124812722206116,0.4875187575817108,low,0.55,0.45,NEUTRAL
2026-03-16 12:00:00,1,0.47354719042778015,0.5264528393745422,low,0.55,0.45,NEUTRAL
2026-03-17 20:00:00,0,0.45875516533851624,0.5412448048591614,low,0.55,0.45,NEUTRAL
2026-03-18 00:00:00,0,0.6442683935165405,0.3557315468788147,low,0.55,0.45,SHORT
2026-03-18 04:00:00,0,0.6940279006958008,0.305972158908844,low,0.55,0.45,SHORT
2026-03-18 08:00:00,0,0.7826653718948364,0.21733464300632477,low,0.55,0.45,SHORT
2026-03-18 20:00:00,0,0.48723769187927246,0.5127623081207275,low,0.55,0.45,NEUTRAL
2026-03-19 00:00:00,0,0.5625855922698975,0.43741437792778015,low,0.55,0.45,SHORT
2026-03-21 04:00:00,0,0.6820683479309082,0.3179316520690918,low,0.55,0.45,SHORT
2026-03-21 08:00:00,0,0.7210359573364258,0.2789640426635742,low,0.55,0.45,SHORT
2026-03-21 12:00:00,0,0.674992561340332,0.32500743865966797,low,0.55,0.45,SHORT
2026-03-21 16:00:00,0,0.7547913789749146,0.24520857632160187,low,0.55,0.45,SHORT
2026-03-22 16:00:00,1,0.6029642224311829,0.39703574776649475,low,0.55,0.45,SHORT
2026-03-22 20:00:00,1,0.47839686274528503,0.5216031670570374,low,0.55,0.45,NEUTRAL
2026-03-23 00:00:00,1,0.23636958003044128,0.7636303901672363,low,0.55,0.45,LONG
2026-03-23 04:00:00,1,0.25592321157455444,0.7440767884254456,low,0.55,0.45,LONG
2026-03-24 04:00:00,0,0.6318730115890503,0.3681270182132721,low,0.55,0.45,SHORT
2026-03-24 08:00:00,0,0.6844069957733154,0.31559300422668457,low,0.55,0.45,SHORT
2026-03-24 16:00:00,1,0.3972937762737274,0.602706253528595,low,0.55,0.45,LONG
2026-03-25 20:00:00,0,0.4506045877933502,0.5493954420089722,low,0.55,0.45,NEUTRAL
2026-03-26 00:00:00,0,0.6806161999702454,0.31938380002975464,low,0.55,0.45,SHORT
2026-03-26 16:00:00,0,0.5456056594848633,0.4543944001197815,low,0.55,0.45,NEUTRAL
2026-03-26 20:00:00,0,0.5310691595077515,0.46893081068992615,low,0.55,0.45,NEUTRAL
2026-03-27 00:00:00,0,0.7025519609451294,0.297448068857193,low,0.55,0.45,SHORT
2026-03-27 04:00:00,0,0.5836272239685059,0.4163728356361389,low,0.55,0.45,SHORT
2026-03-29 20:00:00,1,0.27594879269599915,0.7240511775016785,low,0.55,0.45,LONG
2026-03-31 12:00:00,1,0.16541889309883118,0.8345811367034912,low,0.55,0.45,LONG
2026-04-01 08:00:00,0,0.692049503326416,0.307950496673584,low,0.55,0.45,SHORT
2026-04-01 12:00:00,0,0.5278699398040771,0.47213003039360046,low,0.55,0.45,NEUTRAL
2026-04-01 20:00:00,0,0.3243740200996399,0.6756259202957153,low,0.55,0.45,LONG
2026-04-05 04:00:00,1,0.12735958397388458,0.8726403713226318,low,0.55,0.45,LONG
2026-04-05 08:00:00,1,0.0761709213256836,0.9238290786743164,low,0.55,0.45,LONG
2026-04-05 12:00:00,1,0.10928912460803986,0.8907108902931213,low,0.55,0.45,LONG
2026-04-05 16:00:00,1,0.08949515968561172,0.9105048775672913,low,0.55,0.45,LONG
2026-04-07 04:00:00,1,0.16993725299835205,0.8300626873970032,low,0.55,0.45,LONG
2026-04-07 08:00:00,1,0.07608550786972046,0.9239145517349243,low,0.55,0.45,LONG
2026-04-07 12:00:00,1,0.10847330838441849,0.8915266394615173,low,0.55,0.45,LONG
2026-04-07 16:00:00,1,0.09003977477550507,0.9099602699279785,low,0.55,0.45,LONG
2026-04-09 04:00:00,1,0.20210114121437073,0.7978988885879517,low,0.55,0.45,LONG
2026-04-11 16:00:00,0,0.38770854473114014,0.6122913956642151,low,0.55,0.45,LONG
2026-04-11 20:00:00,0,0.5221109390258789,0.4778890609741211,low,0.55,0.45,NEUTRAL
2026-04-13 00:00:00,1,0.32632526755332947,0.6736747622489929,low,0.55,0.45,LONG
2026-04-13 04:00:00,1,0.25048691034317017,0.7495130896568298,low,0.55,0.45,LONG
2026-04-13 08:00:00,1,0.09118492901325226,0.9088151454925537,low,0.55,0.45,LONG
2026-04-13 12:00:00,1,0.13022810220718384,0.8697718977928162,low,0.55,0.45,LONG
2026-04-16 20:00:00,1,0.6407297253608704,0.35927027463912964,low,0.55,0.45,SHORT
2026-04-17 00:00:00,1,0.09963852167129517,0.9003614187240601,low,0.55,0.45,LONG
2026-04-17 04:00:00,1,0.09610670804977417,0.9038932919502258,low,0.55,0.45,LONG
2026-04-17 08:00:00,1,0.15975625813007355,0.8402437567710876,low,0.55,0.45,LONG
2026-04-21 12:00:00,1,0.1853249967098236,0.8146750330924988,low,0.55,0.45,LONG
2026-04-21 16:00:00,1,0.5325551629066467,0.4674447774887085,low,0.55,0.45,NEUTRAL
2026-04-21 20:00:00,1,0.44741499423980713,0.5525850653648376,low,0.55,0.45,LONG
2026-04-27 00:00:00,0,0.8972768187522888,0.10272320359945297,low,0.55,0.45,SHORT
2026-04-29 08:00:00,0,0.8703231811523438,0.12967689335346222,low,0.55,0.45,SHORT
2026-04-30 20:00:00,1,0.46632760763168335,0.5336724519729614,low,0.55,0.45,NEUTRAL
2026-05-13 00:00:00,0,0.8483794331550598,0.1516205072402954,low,0.55,0.45,SHORT
2026-05-14 00:00:00,1,0.25889936089515686,0.7411006689071655,low,0.55,0.45,LONG
2026-05-14 08:00:00,1,0.08615344762802124,0.9138465523719788,low,0.55,0.45,LONG
2026-05-22 12:00:00,0,0.6469254493713379,0.3530745506286621,low,0.55,0.45,SHORT
2026-05-23 04:00:00,1,0.1818544864654541,0.8181455135345459,low,0.55,0.45,LONG
2026-05-23 08:00:00,1,0.21800853312015533,0.7819914221763611,low,0.55,0.45,LONG
2026-05-27 08:00:00,0,0.663459300994873,0.33654072880744934,low,0.55,0.45,SHORT
2026-05-27 12:00:00,0,0.6555522680282593,0.3444477319717407,low,0.55,0.45,SHORT
2026-05-27 16:00:00,0,0.657865583896637,0.34213441610336304,low,0.55,0.45,SHORT
2026-05-31 20:00:00,0,0.32255107164382935,0.6774489879608154,low,0.55,0.45,LONG
2026-06-01 00:00:00,0,0.46767786145210266,0.532322108745575,low,0.55,0.45,NEUTRAL
2026-06-01 08:00:00,0,0.2941191792488098,0.7058807611465454,low,0.55,0.45,LONG
2026-06-01 16:00:00,0,0.24040377140045166,0.7595961689949036,low,0.55,0.45,LONG
2026-06-01 20:00:00,0,0.41637104749679565,0.5836290121078491,low,0.55,0.45,LONG
2026-06-02 00:00:00,0,0.4734455645084381,0.5265544056892395,low,0.55,0.45,NEUTRAL
2026-06-02 04:00:00,0,0.5641995668411255,0.4358004033565521,low,0.55,0.45,SHORT
2026-06-02 08:00:00,0,0.5543645024299622,0.44563546776771545,low,0.55,0.45,SHORT
2026-06-03 04:00:00,0,0.6754313111305237,0.3245687186717987,low,0.55,0.45,SHORT
2026-06-03 08:00:00,0,0.5809513926506042,0.41904863715171814,low,0.55,0.45,SHORT
2026-06-03 12:00:00,0,0.6556459069252014,0.34435412287712097,low,0.55,0.45,SHORT
2026-06-03 16:00:00,0,0.4222702383995056,0.5777297616004944,low,0.55,0.45,LONG
2026-06-03 20:00:00,0,0.5828120112419128,0.41718801856040955,low,0.55,0.45,SHORT
2026-06-04 00:00:00,0,0.4511285722255707,0.5488713979721069,mid,0.6,0.4,NEUTRAL
2026-06-04 08:00:00,1,0.35802364349365234,0.6419763565063477,mid,0.6,0.4,LONG
2026-06-04 12:00:00,0,0.556656002998352,0.44334402680397034,mid,0.6,0.4,NEUTRAL
2026-06-04 16:00:00,0,0.5030556917190552,0.4969443082809448,mid,0.6,0.4,NEUTRAL
2026-06-04 20:00:00,0,0.5357144474983215,0.46428558230400085,mid,0.6,0.4,NEUTRAL
2026-06-05 04:00:00,0,0.5988619327545166,0.4011380076408386,mid,0.6,0.4,NEUTRAL
2026-06-05 08:00:00,0,0.6035289168357849,0.3964711129665375,mid,0.6,0.4,SHORT
2026-06-06 16:00:00,1,0.5374183654785156,0.46258169412612915,mid,0.6,0.4,NEUTRAL
2026-06-06 20:00:00,1,0.5487142205238342,0.4512857496738434,mid,0.6,0.4,NEUTRAL
2026-06-07 12:00:00,1,0.3904680907726288,0.6095319390296936,mid,0.6,0.4,LONG
2026-06-07 16:00:00,1,0.22513850033283234,0.7748615145683289,mid,0.6,0.4,LONG
2026-06-08 20:00:00,0,0.5504869222640991,0.44951310753822327,mid,0.6,0.4,NEUTRAL
2026-06-09 00:00:00,0,0.5423747897148132,0.45762521028518677,mid,0.6,0.4,NEUTRAL
2026-06-09 04:00:00,0,0.5440524220466614,0.455947607755661,mid,0.6,0.4,NEUTRAL
2026-06-09 08:00:00,0,0.5420586466789246,0.45794132351875305,low,0.55,0.45,NEUTRAL
