timestamp,true_label,prob_short,prob_long,vol_regime,long_thr,short_thr,signal
2024-12-10 12:00:00,1,0.38052186369895935,0.619478166103363,mid,0.6,0.4,LONG
2024-12-10 16:00:00,1,0.3911241888999939,0.6088757514953613,mid,0.6,0.4,LONG
2024-12-11 00:00:00,1,0.2305978536605835,0.7694021463394165,mid,0.6,0.4,LONG
2024-12-11 04:00:00,1,0.20387044548988342,0.796129584312439,mid,0.6,0.4,LONG
2024-12-11 08:00:00,1,0.16184931993484497,0.8381507396697998,low,0.55,0.45,LONG
2024-12-11 12:00:00,1,0.33447277545928955,0.6655272245407104,mid,0.6,0.4,LONG
2024-12-12 04:00:00,1,0.2892099618911743,0.7107900977134705,low,0.55,0.45,LONG
2024-12-12 08:00:00,1,0.39837926626205444,0.6016207337379456,low,0.55,0.45,LONG
2024-12-13 00:00:00,1,0.2537916302680969,0.7462083697319031,low,0.55,0.45,LONG
2024-12-13 04:00:00,1,0.2175370156764984,0.7824629545211792,low,0.55,0.45,LONG
2024-12-13 08:00:00,1,0.12181651592254639,0.8781834840774536,low,0.55,0.45,LONG
2024-12-13 12:00:00,1,0.17489267885684967,0.8251073360443115,low,0.55,0.45,LONG
2024-12-14 16:00:00,1,0.3897722065448761,0.6102277636528015,low,0.55,0.45,LONG
2024-12-14 20:00:00,1,0.3597915768623352,0.6402084827423096,low,0.55,0.45,LONG
2024-12-15 00:00:00,1,0.2332509309053421,0.7667491436004639,low,0.55,0.45,LONG
2024-12-15 12:00:00,1,0.44671353697776794,0.5532864332199097,low,0.55,0.45,LONG
2024-12-15 16:00:00,1,0.4084312617778778,0.5915687680244446,low,0.55,0.45,LONG
2024-12-15 20:00:00,1,0.7175264954566956,0.28247353434562683,low,0.55,0.45,SHORT
2024-12-16 00:00:00,1,0.6314916014671326,0.36850836873054504,low,0.55,0.45,SHORT
2024-12-16 04:00:00,1,0.7365552186965942,0.2634447515010834,low,0.55,0.45,SHORT
2024-12-16 08:00:00,1,0.40340766310691833,0.596592366695404,low,0.55,0.45,LONG
2024-12-16 20:00:00,1,0.7545658349990845,0.24543413519859314,low,0.55,0.45,SHORT
2024-12-17 12:00:00,0,0.6991706490516663,0.30082938075065613,low,0.55,0.45,SHORT
2024-12-17 16:00:00,0,0.6707891821861267,0.3292107880115509,low,0.55,0.45,SHORT
2024-12-18 04:00:00,0,0.898309588432312,0.10169041156768799,low,0.55,0.45,SHORT
2024-12-18 08:00:00,0,0.8732098937034607,0.12679007649421692,low,0.55,0.45,SHORT
2024-12-18 12:00:00,0,0.9171119928359985,0.08288798481225967,low,0.55,0.45,SHORT
2024-12-18 16:00:00,0,0.8897562623023987,0.11024367064237595,low,0.55,0.45,SHORT
2024-12-18 20:00:00,1,0.7412112951278687,0.2587886452674866,low,0.55,0.45,SHORT
2024-12-19 04:00:00,0,0.6649479269981384,0.3350520730018616,low,0.55,0.45,SHORT
2024-12-19 08:00:00,0,0.8708552122116089,0.12914474308490753,low,0.55,0.45,SHORT
2024-12-19 12:00:00,0,0.6775422692298889,0.3224577307701111,mid,0.6,0.4,SHORT
2024-12-19 16:00:00,0,0.2968153655529022,0.7031846046447754,mid,0.6,0.4,LONG
2024-12-20 08:00:00,1,0.31981343030929565,0.6801865696907043,mid,0.6,0.4,LONG
2024-12-21 00:00:00,1,0.31872668862342834,0.6812732815742493,mid,0.6,0.4,LONG
2024-12-23 12:00:00,1,0.1980522871017456,0.8019477128982544,mid,0.6,0.4,LONG
2024-12-23 16:00:00,1,0.3125273883342743,0.6874725818634033,mid,0.6,0.4,LONG
2024-12-23 20:00:00,1,0.34309622645378113,0.6569038033485413,mid,0.6,0.4,LONG
2024-12-24 00:00:00,1,0.18285439908504486,0.817145586013794,mid,0.6,0.4,LONG
2024-12-24 04:00:00,1,0.16064070165157318,0.8393592834472656,mid,0.6,0.4,LONG
2024-12-24 08:00:00,1,0.17180712521076202,0.8281928300857544,mid,0.6,0.4,LONG
2024-12-24 16:00:00,1,0.2710953950881958,0.7289046049118042,mid,0.6,0.4,LONG
2024-12-25 08:00:00,1,0.18482372164726257,0.815176248550415,mid,0.6,0.4,LONG
2024-12-25 16:00:00,0,0.34263500571250916,0.6573649644851685,low,0.55,0.45,LONG
2024-12-26 00:00:00,0,0.8240672945976257,0.17593267560005188,low,0.55,0.45,SHORT
2024-12-26 16:00:00,1,0.4398883581161499,0.5601116418838501,low,0.55,0.45,LONG
2024-12-26 20:00:00,1,0.3868686854839325,0.6131313443183899,low,0.55,0.45,LONG
2024-12-27 00:00:00,0,0.3848065137863159,0.6151934266090393,low,0.55,0.45,LONG
2024-12-27 04:00:00,1,0.4114648699760437,0.5885351300239563,low,0.55,0.45,LONG
2024-12-27 08:00:00,0,0.7531299591064453,0.2468700408935547,low,0.55,0.45,SHORT
2024-12-30 12:00:00,1,0.39782339334487915,0.6021766066551208,low,0.55,0.45,LONG
2024-12-31 00:00:00,1,0.22839657962322235,0.7716034650802612,low,0.55,0.45,LONG
2024-12-31 04:00:00,1,0.21475206315517426,0.7852479219436646,low,0.55,0.45,LONG
2025-01-01 04:00:00,1,0.23779502511024475,0.7622049450874329,low,0.55,0.45,LONG
2025-01-01 08:00:00,1,0.20062212646007538,0.7993779182434082,low,0.55,0.45,LONG
2025-01-01 12:00:00,1,0.15985117852687836,0.8401488065719604,low,0.55,0.45,LONG
2025-01-01 16:00:00,1,0.2692566514015198,0.7307433485984802,low,0.55,0.45,LONG
2025-01-01 20:00:00,1,0.1655302345752716,0.834469735622406,low,0.55,0.45,LONG
2025-01-02 00:00:00,1,0.1401769369840622,0.8598230481147766,low,0.55,0.45,LONG
2025-01-02 04:00:00,1,0.15763047337532043,0.8423694968223572,low,0.55,0.45,LONG
2025-01-03 04:00:00,1,0.09824144095182419,0.9017585515975952,low,0.55,0.45,LONG
2025-01-03 08:00:00,1,0.0871167927980423,0.9128832221031189,low,0.55,0.45,LONG
2025-01-05 08:00:00,1,0.12252648174762726,0.8774734735488892,low,0.55,0.45,LONG
2025-01-05 12:00:00,1,0.1551407128572464,0.8448593020439148,low,0.55,0.45,LONG
2025-01-05 16:00:00,1,0.1767658144235611,0.8232341408729553,low,0.55,0.45,LONG
2025-01-05 20:00:00,1,0.18697026371955872,0.8130297064781189,low,0.55,0.45,LONG
2025-01-06 00:00:00,1,0.14379625022411346,0.8562037348747253,low,0.55,0.45,LONG
2025-01-06 04:00:00,1,0.13509604334831238,0.8649039268493652,low,0.55,0.45,LONG
2025-01-06 08:00:00,1,0.13143256306648254,0.8685674667358398,low,0.55,0.45,LONG
2025-01-07 00:00:00,0,0.8093653321266174,0.190634623169899,low,0.55,0.45,SHORT
2025-01-07 04:00:00,0,0.840866208076477,0.15913379192352295,low,0.55,0.45,SHORT
2025-01-07 08:00:00,0,0.8662864565849304,0.133713498711586,low,0.55,0.45,SHORT
2025-01-08 00:00:00,0,0.7270004153251648,0.2729995548725128,low,0.55,0.45,SHORT
2025-01-08 04:00:00,0,0.5906233191490173,0.40937668085098267,low,0.55,0.45,SHORT
2025-01-08 12:00:00,0,0.7792472243309021,0.2207527756690979,low,0.55,0.45,SHORT
2025-01-09 04:00:00,1,0.5928346514701843,0.4071653187274933,low,0.55,0.45,SHORT
2025-01-09 12:00:00,0,0.7659431099891663,0.23405693471431732,low,0.55,0.45,SHORT
2025-01-09 16:00:00,1,0.6783468723297119,0.3216531276702881,mid,0.6,0.4,SHORT
2025-01-09 20:00:00,1,0.6871855854988098,0.3128144443035126,mid,0.6,0.4,SHORT
2025-01-10 00:00:00,1,0.2390996813774109,0.7609003186225891,low,0.55,0.45,LONG
2025-01-10 08:00:00,0,0.5527973175048828,0.4472026824951172,low,0.55,0.45,SHORT
2025-01-12 08:00:00,1,0.2871164381504059,0.7128835916519165,low,0.55,0.45,LONG
2025-01-12 20:00:00,0,0.36902207136154175,0.6309779286384583,low,0.55,0.45,LONG
2025-01-13 00:00:00,0,0.7551910281181335,0.24480900168418884,low,0.55,0.45,SHORT
2025-01-13 04:00:00,0,0.7545045018196106,0.24549546837806702,low,0.55,0.45,SHORT
2025-01-13 08:00:00,1,0.32880347967147827,0.6711965203285217,low,0.55,0.45,LONG
2025-01-13 12:00:00,1,0.38089603185653687,0.6191040277481079,low,0.55,0.45,LONG
2025-01-13 16:00:00,1,0.5524539947509766,0.4475460350513458,low,0.55,0.45,SHORT
2025-01-13 20:00:00,1,0.6154063940048218,0.384593665599823,low,0.55,0.45,SHORT
2025-01-14 00:00:00,1,0.23670291900634766,0.7632970809936523,low,0.55,0.45,LONG
2025-01-14 04:00:00,1,0.18793077766895294,0.8120692372322083,low,0.55,0.45,LONG
2025-01-14 20:00:00,1,0.4488452672958374,0.5511547327041626,low,0.55,0.45,LONG
2025-01-15 00:00:00,1,0.29288941621780396,0.7071105241775513,low,0.55,0.45,LONG
2025-01-15 04:00:00,1,0.15045177936553955,0.8495482206344604,low,0.55,0.45,LONG
2025-01-15 08:00:00,1,0.1305525302886963,0.8694474101066589,low,0.55,0.45,LONG
2025-01-15 12:00:00,1,0.1835399866104126,0.8164600133895874,low,0.55,0.45,LONG
2025-01-15 20:00:00,0,0.33713117241859436,0.662868857383728,low,0.55,0.45,LONG
2025-01-16 12:00:00,1,0.43979430198669434,0.5602056384086609,low,0.55,0.45,LONG
2025-01-16 16:00:00,1,0.5509580969810486,0.4490419328212738,low,0.55,0.45,SHORT
2025-01-17 00:00:00,1,0.19306668639183044,0.8069332838058472,low,0.55,0.45,LONG
2025-01-17 04:00:00,1,0.18595698475837708,0.8140429854393005,low,0.55,0.45,LONG
2025-01-17 08:00:00,1,0.2045467346906662,0.7954532504081726,low,0.55,0.45,LONG
2025-01-17 16:00:00,0,0.5780325531959534,0.42196744680404663,low,0.55,0.45,SHORT
2025-01-18 04:00:00,1,0.11091086268424988,0.8890891671180725,low,0.55,0.45,LONG
2025-01-18 08:00:00,1,0.15789325535297394,0.8421067595481873,low,0.55,0.45,LONG
2025-01-19 04:00:00,0,0.8189194798469543,0.18108054995536804,low,0.55,0.45,SHORT
2025-01-19 08:00:00,1,0.7172405123710632,0.28275951743125916,low,0.55,0.45,SHORT
2025-01-19 12:00:00,0,0.8923715949058533,0.10762844234704971,low,0.55,0.45,SHORT
2025-01-19 16:00:00,0,0.8567509651184082,0.1432490348815918,low,0.55,0.45,SHORT
2025-01-19 20:00:00,1,0.7480112910270691,0.2519886791706085,mid,0.6,0.4,SHORT
2025-01-20 00:00:00,1,0.29748159646987915,0.7025184035301208,mid,0.6,0.4,LONG
2025-01-20 04:00:00,1,0.7245504856109619,0.2754495143890381,mid,0.6,0.4,SHORT
2025-01-21 12:00:00,1,0.2177218645811081,0.7822781801223755,high,0.72,0.28,LONG
2025-01-22 20:00:00,1,0.24713139235973358,0.7528685927391052,mid,0.6,0.4,LONG
2025-01-23 00:00:00,1,0.18108512461185455,0.8189148902893066,mid,0.6,0.4,LONG
2025-01-23 04:00:00,1,0.2904745638370514,0.7095254063606262,mid,0.6,0.4,LONG
2025-01-23 08:00:00,1,0.14578485488891602,0.854215145111084,mid,0.6,0.4,LONG
2025-01-24 04:00:00,1,0.3626002073287964,0.6373997926712036,mid,0.6,0.4,LONG
2025-01-26 12:00:00,0,0.8476955890655518,0.15230439603328705,low,0.55,0.45,SHORT
2025-01-26 16:00:00,0,0.8245346546173096,0.17546534538269043,low,0.55,0.45,SHORT
2025-01-26 20:00:00,0,0.16479194164276123,0.8352081179618835,low,0.55,0.45,LONG
2025-01-27 04:00:00,1,0.4218348562717438,0.5781651735305786,low,0.55,0.45,LONG
2025-01-27 12:00:00,1,0.583679735660553,0.41632020473480225,low,0.55,0.45,SHORT
2025-01-28 20:00:00,1,0.38550737500190735,0.614492654800415,low,0.55,0.45,LONG
2025-01-29 00:00:00,1,0.2507513165473938,0.7492486834526062,low,0.55,0.45,LONG
2025-01-29 04:00:00,1,0.16430608928203583,0.8356939554214478,low,0.55,0.45,LONG
2025-01-29 08:00:00,1,0.2440451681613922,0.7559548616409302,low,0.55,0.45,LONG
2025-01-29 12:00:00,1,0.1481471210718155,0.8518528938293457,low,0.55,0.45,LONG
2025-01-29 20:00:00,1,0.5840511322021484,0.41594886779785156,low,0.55,0.45,SHORT
2025-01-31 04:00:00,1,0.649467408657074,0.350532591342926,low,0.55,0.45,SHORT
2025-01-31 08:00:00,0,0.8381627202033997,0.16183730959892273,low,0.55,0.45,SHORT
2025-01-31 12:00:00,0,0.8728389143943787,0.12716107070446014,low,0.55,0.45,SHORT
2025-02-02 04:00:00,0,0.8178572654724121,0.1821427345275879,low,0.55,0.45,SHORT
2025-02-02 12:00:00,0,0.6943207383155823,0.30567923188209534,low,0.55,0.45,SHORT
2025-02-02 16:00:00,0,0.5627114772796631,0.4372884929180145,low,0.55,0.45,SHORT
2025-02-02 20:00:00,0,0.6250883340835571,0.37491169571876526,low,0.55,0.45,SHORT
2025-02-03 00:00:00,1,0.3272034823894501,0.6727965474128723,mid,0.6,0.4,LONG
2025-02-03 04:00:00,1,0.3672366142272949,0.6327634453773499,mid,0.6,0.4,LONG
2025-02-03 08:00:00,1,0.3884070813655853,0.6115928888320923,mid,0.6,0.4,LONG
2025-02-03 12:00:00,1,0.3605276346206665,0.6394724249839783,mid,0.6,0.4,LONG
2025-02-04 04:00:00,1,0.3540688157081604,0.6459312438964844,mid,0.6,0.4,LONG
2025-02-04 12:00:00,0,0.8255121111869812,0.17448794841766357,mid,0.6,0.4,SHORT
2025-02-06 00:00:00,1,0.6255242228507996,0.3744758069515228,mid,0.6,0.4,SHORT
2025-02-06 08:00:00,0,0.6572058796882629,0.34279412031173706,mid,0.6,0.4,SHORT
2025-02-06 20:00:00,1,0.27549171447753906,0.7245083451271057,mid,0.6,0.4,LONG
2025-02-08 12:00:00,1,0.4067135155200958,0.5932864546775818,low,0.55,0.45,LONG
2025-02-09 16:00:00,1,0.595766007900238,0.4042339622974396,low,0.55,0.45,SHORT
2025-02-09 20:00:00,1,0.6028786301612854,0.3971213102340698,low,0.55,0.45,SHORT
2025-02-10 00:00:00,1,0.3766906261444092,0.6233093738555908,low,0.55,0.45,LONG
2025-02-11 04:00:00,0,0.8931865692138672,0.10681350529193878,low,0.55,0.45,SHORT
2025-02-11 08:00:00,0,0.8254581689834595,0.1745418757200241,low,0.55,0.45,SHORT
2025-02-11 16:00:00,1,0.2846698760986328,0.7153301239013672,low,0.55,0.45,LONG
2025-02-12 00:00:00,1,0.22622384130954742,0.7737761735916138,low,0.55,0.45,LONG
2025-02-12 04:00:00,1,0.19968368113040924,0.8003162741661072,low,0.55,0.45,LONG
2025-02-12 08:00:00,1,0.12388360500335693,0.8761163949966431,low,0.55,0.45,LONG
2025-02-12 12:00:00,1,0.13718865811824799,0.8628113269805908,low,0.55,0.45,LONG
2025-02-13 16:00:00,1,0.2268330156803131,0.7731669545173645,low,0.55,0.45,LONG
2025-02-14 00:00:00,1,0.23177789151668549,0.7682221531867981,low,0.55,0.45,LONG
2025-02-14 04:00:00,1,0.11743178963661194,0.8825682401657104,low,0.55,0.45,LONG
2025-02-14 08:00:00,1,0.20253540575504303,0.7974645495414734,low,0.55,0.45,LONG
2025-02-14 12:00:00,1,0.6670024394989014,0.3329976201057434,low,0.55,0.45,SHORT
2025-02-18 16:00:00,1,0.24046434462070465,0.7595356702804565,low,0.55,0.45,LONG
2025-02-20 00:00:00,1,0.2150314301252365,0.7849685549736023,low,0.55,0.45,LONG
2025-02-20 04:00:00,1,0.1308494508266449,0.8691505193710327,low,0.55,0.45,LONG
2025-02-20 08:00:00,1,0.14520403742790222,0.8547959923744202,low,0.55,0.45,LONG
2025-02-20 12:00:00,1,0.11375593394041061,0.886243999004364,low,0.55,0.45,LONG
2025-02-21 04:00:00,0,0.8758512139320374,0.12414871901273727,low,0.55,0.45,SHORT
2025-02-21 08:00:00,0,0.7235462069511414,0.2764538526535034,low,0.55,0.45,SHORT
2025-02-21 12:00:00,0,0.9188782572746277,0.08112172037363052,low,0.55,0.45,SHORT
2025-02-24 04:00:00,0,0.7429553866386414,0.25704464316368103,low,0.55,0.45,SHORT
2025-02-24 08:00:00,0,0.6958891153335571,0.3041108548641205,low,0.55,0.45,SHORT
2025-02-24 12:00:00,0,0.9088231921195984,0.09117677062749863,low,0.55,0.45,SHORT
2025-02-24 16:00:00,0,0.910610020160675,0.08938995003700256,low,0.55,0.45,SHORT
2025-02-24 20:00:00,0,0.6906819939613342,0.30931800603866577,low,0.55,0.45,SHORT
2025-02-25 00:00:00,0,0.8061832189559937,0.19381679594516754,low,0.55,0.45,SHORT
2025-02-25 04:00:00,0,0.6283101439476013,0.37168988585472107,low,0.55,0.45,SHORT
2025-02-25 12:00:00,1,0.2967662513256073,0.7032337188720703,mid,0.6,0.4,LONG
2025-02-25 16:00:00,1,0.35858336091041565,0.641416609287262,mid,0.6,0.4,LONG
2025-02-25 20:00:00,0,0.6071010828018188,0.39289888739585876,mid,0.6,0.4,SHORT
2025-02-26 00:00:00,0,0.7880159616470337,0.2119840383529663,mid,0.6,0.4,SHORT
2025-02-26 04:00:00,0,0.8799611330032349,0.12003888189792633,mid,0.6,0.4,SHORT
2025-02-26 08:00:00,0,0.8610700368881226,0.13892999291419983,mid,0.6,0.4,SHORT
2025-02-26 12:00:00,0,0.8712075352668762,0.12879244983196259,mid,0.6,0.4,SHORT
2025-02-26 16:00:00,1,0.825801432132721,0.17419855296611786,mid,0.6,0.4,SHORT
2025-02-26 20:00:00,1,0.6722255349159241,0.3277744650840759,mid,0.6,0.4,SHORT
2025-02-27 04:00:00,0,0.3809238076210022,0.619076132774353,mid,0.6,0.4,LONG
2025-02-27 16:00:00,0,0.32148078083992004,0.6785192489624023,mid,0.6,0.4,LONG
2025-03-01 04:00:00,1,0.1225389763712883,0.8774610161781311,high,0.72,0.28,LONG
2025-03-01 08:00:00,1,0.16510961949825287,0.8348903656005859,high,0.72,0.28,LONG
2025-03-01 12:00:00,1,0.24414244294166565,0.7558575868606567,mid,0.6,0.4,LONG
2025-03-02 00:00:00,1,0.13280360400676727,0.8671963810920715,mid,0.6,0.4,LONG
2025-03-02 04:00:00,1,0.11341071873903275,0.8865892887115479,mid,0.6,0.4,LONG
2025-03-02 08:00:00,1,0.10144796222448349,0.8985520601272583,mid,0.6,0.4,LONG
2025-03-02 12:00:00,1,0.09212241321802139,0.9078775644302368,mid,0.6,0.4,LONG
2025-03-02 20:00:00,0,0.28377753496170044,0.7162224650382996,mid,0.6,0.4,LONG
2025-03-03 08:00:00,0,0.6193467974662781,0.3806532323360443,mid,0.6,0.4,SHORT
2025-03-03 12:00:00,0,0.8051071763038635,0.19489280879497528,high,0.72,0.28,SHORT
2025-03-04 04:00:00,1,0.2226158082485199,0.7773841619491577,high,0.72,0.28,LONG
2025-03-04 08:00:00,1,0.2467162311077118,0.7532837986946106,high,0.72,0.28,LONG
2025-03-04 12:00:00,1,0.21473495662212372,0.7852650284767151,high,0.72,0.28,LONG
2025-03-05 00:00:00,1,0.2704797089099884,0.729520320892334,high,0.72,0.28,LONG
2025-03-05 04:00:00,1,0.22744707763195038,0.7725529074668884,high,0.72,0.28,LONG
2025-03-06 00:00:00,0,0.820379912853241,0.17962005734443665,high,0.72,0.28,SHORT
2025-03-07 00:00:00,1,0.25069060921669006,0.7493093609809875,high,0.72,0.28,LONG
2025-03-07 12:00:00,0,0.8496174812316895,0.15038248896598816,high,0.72,0.28,SHORT
2025-03-08 20:00:00,0,0.6568880081176758,0.34311196208000183,mid,0.6,0.4,SHORT
2025-03-09 00:00:00,0,0.696599543094635,0.3034004271030426,mid,0.6,0.4,SHORT
2025-03-09 04:00:00,0,0.8799181580543518,0.1200818419456482,mid,0.6,0.4,SHORT
2025-03-09 08:00:00,0,0.888221025466919,0.11177894473075867,mid,0.6,0.4,SHORT
2025-03-09 12:00:00,0,0.7968562245368958,0.20314382016658783,mid,0.6,0.4,SHORT
2025-03-10 04:00:00,1,0.6627858877182007,0.3372141420841217,mid,0.6,0.4,SHORT
2025-03-10 08:00:00,0,0.8247787952423096,0.17522123456001282,mid,0.6,0.4,SHORT
2025-03-12 08:00:00,1,0.3123590052127838,0.6876409649848938,mid,0.6,0.4,LONG
2025-03-12 12:00:00,1,0.22956106066703796,0.7704389095306396,high,0.72,0.28,LONG
2025-03-13 00:00:00,0,0.7834140658378601,0.21658600866794586,mid,0.6,0.4,SHORT
2025-03-13 04:00:00,0,0.7731602787971497,0.22683969140052795,mid,0.6,0.4,SHORT
2025-03-13 08:00:00,0,0.6837207674980164,0.31627920269966125,mid,0.6,0.4,SHORT
2025-03-13 16:00:00,1,0.362795889377594,0.6372040510177612,mid,0.6,0.4,LONG
2025-03-13 20:00:00,1,0.365389347076416,0.634610652923584,mid,0.6,0.4,LONG
2025-03-14 00:00:00,1,0.1570982038974762,0.8429018259048462,mid,0.6,0.4,LONG
2025-03-14 04:00:00,1,0.1436791718006134,0.856320858001709,mid,0.6,0.4,LONG
2025-03-14 08:00:00,1,0.21332068741321564,0.7866792678833008,mid,0.6,0.4,LONG
2025-03-16 08:00:00,1,0.12441621720790863,0.875583827495575,low,0.55,0.45,LONG
2025-03-16 12:00:00,1,0.19763876497745514,0.802361249923706,low,0.55,0.45,LONG
2025-03-16 20:00:00,1,0.4001668691635132,0.5998331308364868,low,0.55,0.45,LONG
2025-03-18 12:00:00,1,0.2466910034418106,0.7533090114593506,low,0.55,0.45,LONG
2025-03-18 20:00:00,1,0.4187021255493164,0.5812979340553284,low,0.55,0.45,LONG
2025-03-19 00:00:00,1,0.10563714057207108,0.8943628072738647,low,0.55,0.45,LONG
2025-03-19 04:00:00,1,0.0869937539100647,0.9130062460899353,low,0.55,0.45,LONG
2025-03-19 08:00:00,1,0.09993172436952591,0.9000683426856995,low,0.55,0.45,LONG
2025-03-19 12:00:00,1,0.39876800775527954,0.6012319922447205,low,0.55,0.45,LONG
2025-03-19 16:00:00,1,0.35401904582977295,0.645980954170227,low,0.55,0.45,LONG
2025-03-22 20:00:00,1,0.7069836258888245,0.29301637411117554,low,0.55,0.45,SHORT
2025-03-23 04:00:00,1,0.14732758700847626,0.8526723980903625,low,0.55,0.45,LONG
2025-03-23 08:00:00,1,0.3542737066745758,0.6457262635231018,low,0.55,0.45,LONG
2025-03-23 12:00:00,1,0.26717570424079895,0.7328242659568787,low,0.55,0.45,LONG
2025-03-23 16:00:00,1,0.35824593901634216,0.6417540311813354,low,0.55,0.45,LONG
2025-03-24 00:00:00,1,0.6295537352561951,0.3704463243484497,low,0.55,0.45,SHORT
2025-03-24 04:00:00,1,0.6321266889572144,0.3678733706474304,low,0.55,0.45,SHORT
2025-03-25 04:00:00,1,0.6178153157234192,0.3821846842765808,low,0.55,0.45,SHORT
2025-03-28 00:00:00,0,0.9024360775947571,0.09756390750408173,low,0.55,0.45,SHORT
2025-03-30 20:00:00,1,0.5782085657119751,0.4217914640903473,low,0.55,0.45,SHORT
2025-03-31 00:00:00,1,0.31802740693092346,0.6819726228713989,low,0.55,0.45,LONG
2025-03-31 04:00:00,1,0.38681286573410034,0.6131871342658997,low,0.55,0.45,LONG
2025-03-31 08:00:00,1,0.3378179371356964,0.6621820330619812,low,0.55,0.45,LONG
2025-03-31 20:00:00,1,0.6829047203063965,0.31709522008895874,low,0.55,0.45,SHORT
2025-04-01 04:00:00,1,0.23737353086471558,0.7626264691352844,low,0.55,0.45,LONG
2025-04-01 08:00:00,1,0.22618909180164337,0.7738109230995178,low,0.55,0.45,LONG
2025-04-02 00:00:00,1,0.5776296257972717,0.42237040400505066,low,0.55,0.45,SHORT
2025-04-02 08:00:00,1,0.4164060652256012,0.5835939049720764,low,0.55,0.45,LONG
2025-04-03 12:00:00,1,0.13193051517009735,0.8680694103240967,mid,0.6,0.4,LONG
2025-04-03 16:00:00,1,0.12472867220640182,0.8752713203430176,low,0.55,0.45,LONG
2025-04-03 20:00:00,1,0.3475834131240845,0.6524165868759155,low,0.55,0.45,LONG
2025-04-04 00:00:00,1,0.22437874972820282,0.7756212949752808,low,0.55,0.45,LONG
2025-04-04 08:00:00,1,0.18885178864002228,0.8111482262611389,mid,0.6,0.4,LONG
2025-04-04 12:00:00,1,0.18771234154701233,0.8122876882553101,mid,0.6,0.4,LONG
2025-04-06 00:00:00,0,0.8567980527877808,0.14320191740989685,low,0.55,0.45,SHORT
2025-04-06 04:00:00,0,0.8927778005599976,0.10722222924232483,low,0.55,0.45,SHORT
2025-04-06 08:00:00,0,0.9213685393333435,0.0786314457654953,low,0.55,0.45,SHORT
2025-04-06 12:00:00,0,0.9097129702568054,0.09028702229261398,low,0.55,0.45,SHORT
2025-04-06 16:00:00,0,0.850223183631897,0.14977681636810303,low,0.55,0.45,SHORT
2025-04-06 20:00:00,0,0.39148151874542236,0.6085184812545776,mid,0.6,0.4,LONG
2025-04-07 00:00:00,0,0.3792712092399597,0.6207287907600403,mid,0.6,0.4,LONG
2025-04-07 04:00:00,1,0.28836098313331604,0.7116390466690063,mid,0.6,0.4,LONG
2025-04-07 08:00:00,1,0.39196813106536865,0.6080318689346313,mid,0.6,0.4,LONG
2025-04-08 04:00:00,0,0.7269657850265503,0.2730342149734497,mid,0.6,0.4,SHORT
2025-04-08 08:00:00,0,0.781971275806427,0.218028724193573,mid,0.6,0.4,SHORT
2025-04-08 12:00:00,0,0.6389675140380859,0.36103248596191406,mid,0.6,0.4,SHORT
2025-04-09 00:00:00,1,0.19170992076396942,0.8082900643348694,mid,0.6,0.4,LONG
2025-04-09 04:00:00,1,0.189677432179451,0.8103225231170654,high,0.72,0.28,LONG
2025-04-09 08:00:00,1,0.16888146102428436,0.8311185240745544,high,0.72,0.28,LONG
2025-04-09 12:00:00,1,0.1686677634716034,0.831332266330719,high,0.72,0.28,LONG
2025-04-10 20:00:00,1,0.3928828239440918,0.6071171164512634,mid,0.6,0.4,LONG
2025-04-11 00:00:00,1,0.17736604809761047,0.8226339221000671,mid,0.6,0.4,LONG
2025-04-11 04:00:00,1,0.13370944559574127,0.8662905693054199,mid,0.6,0.4,LONG
2025-04-11 08:00:00,1,0.18561457097530365,0.8143854141235352,mid,0.6,0.4,LONG
2025-04-11 12:00:00,1,0.2690680921077728,0.7309318780899048,mid,0.6,0.4,LONG
2025-04-12 00:00:00,1,0.2707405686378479,0.7292593717575073,mid,0.6,0.4,LONG
2025-04-12 04:00:00,1,0.14422452449798584,0.8557754755020142,mid,0.6,0.4,LONG
2025-04-12 08:00:00,1,0.09314361959695816,0.9068563580513,mid,0.6,0.4,LONG
2025-04-13 12:00:00,1,0.14557981491088867,0.8544201254844666,low,0.55,0.45,LONG
2025-04-13 16:00:00,1,0.1427457183599472,0.8572543263435364,mid,0.6,0.4,LONG
2025-04-13 20:00:00,1,0.1329207569360733,0.8670791983604431,mid,0.6,0.4,LONG
2025-04-14 12:00:00,1,0.3582306206226349,0.6417693495750427,low,0.55,0.45,LONG
2025-04-14 20:00:00,1,0.4354982376098633,0.5645017623901367,low,0.55,0.45,LONG
2025-04-16 00:00:00,1,0.20599858462810516,0.7940014600753784,low,0.55,0.45,LONG
2025-04-16 04:00:00,1,0.24678023159503937,0.753219723701477,low,0.55,0.45,LONG
2025-04-16 08:00:00,1,0.30009379982948303,0.6999061703681946,low,0.55,0.45,LONG
2025-04-17 00:00:00,1,0.21423234045505524,0.785767674446106,low,0.55,0.45,LONG
2025-04-20 08:00:00,1,0.13417239487171173,0.8658276200294495,low,0.55,0.45,LONG
2025-04-20 12:00:00,1,0.12034384161233902,0.879656195640564,low,0.55,0.45,LONG
2025-04-20 16:00:00,1,0.19334840774536133,0.8066515922546387,low,0.55,0.45,LONG
2025-04-20 20:00:00,1,0.25738003849983215,0.7426199316978455,low,0.55,0.45,LONG
2025-04-22 00:00:00,1,0.3333274722099304,0.6666724681854248,low,0.55,0.45,LONG
2025-04-22 04:00:00,1,0.11604601889848709,0.8839539289474487,low,0.55,0.45,LONG
2025-04-22 08:00:00,1,0.14610904455184937,0.8538910150527954,low,0.55,0.45,LONG
2025-04-22 12:00:00,1,0.3023485541343689,0.6976513862609863,low,0.55,0.45,LONG
2025-04-22 16:00:00,1,0.26542189717292786,0.7345781326293945,low,0.55,0.45,LONG
2025-04-24 04:00:00,1,0.13912871479988098,0.8608713150024414,low,0.55,0.45,LONG
2025-04-24 08:00:00,1,0.16444799304008484,0.8355520367622375,low,0.55,0.45,LONG
2025-04-24 20:00:00,1,0.2147739827632904,0.7852259874343872,low,0.55,0.45,LONG
2025-04-25 00:00:00,1,0.22366829216480255,0.7763317227363586,low,0.55,0.45,LONG
2025-04-25 04:00:00,1,0.2503819167613983,0.7496180534362793,low,0.55,0.45,LONG
2025-04-27 20:00:00,1,0.6978665590286255,0.3021334707736969,low,0.55,0.45,SHORT
2025-04-28 00:00:00,1,0.18928809463977814,0.8107119202613831,low,0.55,0.45,LONG
2025-05-01 00:00:00,1,0.34890151023864746,0.6510984301567078,low,0.55,0.45,LONG
2025-05-01 04:00:00,1,0.39857032895088196,0.6014296412467957,low,0.55,0.45,LONG
2025-05-02 04:00:00,1,0.2900770604610443,0.7099229097366333,low,0.55,0.45,LONG
2025-05-05 12:00:00,1,0.23710788786411285,0.7628921270370483,low,0.55,0.45,LONG
2025-05-06 04:00:00,1,0.1446269452571869,0.8553730845451355,low,0.55,0.45,LONG
2025-05-06 08:00:00,1,0.1279328614473343,0.8720670938491821,low,0.55,0.45,LONG
2025-05-06 12:00:00,1,0.13572557270526886,0.8642744421958923,low,0.55,0.45,LONG
2025-05-06 16:00:00,1,0.1251315176486969,0.8748684525489807,low,0.55,0.45,LONG
2025-05-07 12:00:00,1,0.4378855526447296,0.562114417552948,low,0.55,0.45,LONG
2025-05-07 16:00:00,1,0.33857083320617676,0.6614291071891785,low,0.55,0.45,LONG
2025-05-07 20:00:00,1,0.2591898739337921,0.7408101558685303,low,0.55,0.45,LONG
2025-05-08 00:00:00,1,0.11368926614522934,0.8863106966018677,low,0.55,0.45,LONG
2025-05-08 04:00:00,1,0.18000198900699615,0.8199980854988098,low,0.55,0.45,LONG
2025-05-08 08:00:00,1,0.16639278829097748,0.8336072564125061,low,0.55,0.45,LONG
2025-05-08 12:00:00,1,0.18512704968452454,0.8148729205131531,low,0.55,0.45,LONG
2025-05-08 16:00:00,1,0.30593615770339966,0.6940638422966003,low,0.55,0.45,LONG
2025-05-10 12:00:00,1,0.2570870816707611,0.7429129481315613,low,0.55,0.45,LONG
2025-05-10 16:00:00,1,0.12803928554058075,0.8719606995582581,low,0.55,0.45,LONG
2025-05-11 12:00:00,1,0.32900986075401306,0.6709901094436646,low,0.55,0.45,LONG
2025-05-12 00:00:00,1,0.5807048678398132,0.4192951023578644,low,0.55,0.45,SHORT
2025-05-12 16:00:00,1,0.2974286675453186,0.7025713324546814,low,0.55,0.45,LONG
2025-05-13 00:00:00,1,0.21415871381759644,0.7858412861824036,low,0.55,0.45,LONG
2025-05-13 04:00:00,1,0.14122430980205536,0.8587757349014282,low,0.55,0.45,LONG
2025-05-15 04:00:00,1,0.17209629714488983,0.827903687953949,low,0.55,0.45,LONG
2025-05-15 08:00:00,1,0.22695092856884003,0.7730490565299988,low,0.55,0.45,LONG
2025-05-17 20:00:00,1,0.2968030571937561,0.7031969428062439,low,0.55,0.45,LONG
2025-05-18 00:00:00,1,0.1308297961950302,0.8691702485084534,low,0.55,0.45,LONG
2025-05-18 04:00:00,1,0.14997082948684692,0.8500291705131531,low,0.55,0.45,LONG
2025-05-18 08:00:00,1,0.11516223102807999,0.8848377466201782,low,0.55,0.45,LONG
2025-05-18 12:00:00,1,0.15951374173164368,0.8404862284660339,low,0.55,0.45,LONG
2025-05-18 16:00:00,1,0.1636473685503006,0.8363525867462158,low,0.55,0.45,LONG
2025-05-18 20:00:00,0,0.2818610966205597,0.7181389331817627,low,0.55,0.45,LONG
2025-05-19 00:00:00,1,0.5977953672409058,0.4022046625614166,low,0.55,0.45,SHORT
2025-05-19 04:00:00,1,0.7388173937797546,0.26118260622024536,low,0.55,0.45,SHORT
2025-05-19 08:00:00,1,0.6136033535003662,0.3863966166973114,low,0.55,0.45,SHORT
2025-05-20 04:00:00,1,0.2043670266866684,0.7956329584121704,low,0.55,0.45,LONG
2025-05-20 08:00:00,1,0.21598340570926666,0.7840166687965393,low,0.55,0.45,LONG
2025-05-20 12:00:00,1,0.267787903547287,0.7322121262550354,low,0.55,0.45,LONG
2025-05-20 20:00:00,1,0.3370257318019867,0.6629742383956909,low,0.55,0.45,LONG
2025-05-21 00:00:00,1,0.2018369436264038,0.7981629967689514,low,0.55,0.45,LONG
2025-05-21 04:00:00,1,0.3037306070327759,0.6962693333625793,low,0.55,0.45,LONG
2025-05-21 08:00:00,1,0.2888904809951782,0.7111095190048218,low,0.55,0.45,LONG
2025-05-21 12:00:00,1,0.42226508259773254,0.5777348875999451,low,0.55,0.45,LONG
2025-05-21 20:00:00,1,0.44170525670051575,0.5582947134971619,low,0.55,0.45,LONG
2025-05-22 20:00:00,0,0.22114045917987823,0.7788594961166382,low,0.55,0.45,LONG
2025-05-23 00:00:00,0,0.6247754096984863,0.3752245604991913,low,0.55,0.45,SHORT
2025-05-23 04:00:00,0,0.8030804395675659,0.19691959023475647,low,0.55,0.45,SHORT
2025-05-24 04:00:00,1,0.1471398025751114,0.852860152721405,low,0.55,0.45,LONG
2025-05-25 04:00:00,1,0.33884450793266296,0.6611555218696594,low,0.55,0.45,LONG
2025-05-25 08:00:00,1,0.23470206558704376,0.7652978897094727,low,0.55,0.45,LONG
2025-05-25 12:00:00,1,0.1569865345954895,0.8430134654045105,low,0.55,0.45,LONG
2025-05-25 16:00:00,1,0.2928917407989502,0.7071082592010498,low,0.55,0.45,LONG
2025-05-27 00:00:00,1,0.7556800842285156,0.244319885969162,low,0.55,0.45,SHORT
2025-05-28 16:00:00,1,0.22015805542469025,0.7798418998718262,low,0.55,0.45,LONG
2025-05-29 08:00:00,0,0.7531977295875549,0.24680228531360626,low,0.55,0.45,SHORT
2025-06-01 04:00:00,1,0.1190449669957161,0.8809550404548645,low,0.55,0.45,LONG
2025-06-01 08:00:00,1,0.10840333253145218,0.8915966749191284,low,0.55,0.45,LONG
2025-06-02 08:00:00,1,0.11613645404577255,0.883863627910614,low,0.55,0.45,LONG
2025-06-02 12:00:00,1,0.1312786489725113,0.8687213659286499,low,0.55,0.45,LONG
2025-06-02 16:00:00,1,0.27096426486968994,0.7290357947349548,low,0.55,0.45,LONG
2025-06-03 04:00:00,1,0.24138814210891724,0.7586118578910828,low,0.55,0.45,LONG
2025-06-05 00:00:00,0,0.40497705340385437,0.595022976398468,low,0.55,0.45,LONG
2025-06-05 04:00:00,0,0.5996469855308533,0.4003530442714691,low,0.55,0.45,SHORT
2025-06-05 08:00:00,0,0.8833349347114563,0.11666499823331833,low,0.55,0.45,SHORT
2025-06-05 12:00:00,0,0.8455235362052917,0.15447646379470825,low,0.55,0.45,SHORT
2025-06-05 16:00:00,1,0.5897778272628784,0.4102221429347992,low,0.55,0.45,SHORT
2025-06-06 00:00:00,1,0.2039639800786972,0.7960359454154968,low,0.55,0.45,LONG
2025-06-06 04:00:00,1,0.15371455252170563,0.8462854027748108,low,0.55,0.45,LONG
2025-06-08 20:00:00,1,0.16012313961982727,0.8398768901824951,low,0.55,0.45,LONG
2025-06-09 00:00:00,1,0.09776411950588226,0.9022359251976013,low,0.55,0.45,LONG
2025-06-09 04:00:00,1,0.08546040952205658,0.9145395755767822,low,0.55,0.45,LONG
2025-06-09 08:00:00,1,0.08617330342531204,0.9138266444206238,low,0.55,0.45,LONG
2025-06-09 12:00:00,1,0.10314742475748062,0.8968525528907776,low,0.55,0.45,LONG
2025-06-09 16:00:00,1,0.20374666154384613,0.7962532639503479,low,0.55,0.45,LONG
2025-06-12 08:00:00,0,0.7637996673583984,0.23620033264160156,low,0.55,0.45,SHORT
2025-06-12 12:00:00,0,0.8411329388618469,0.15886709094047546,low,0.55,0.45,SHORT
2025-06-12 16:00:00,0,0.6088853478431702,0.39111465215682983,low,0.55,0.45,SHORT
2025-06-13 00:00:00,1,0.5885024666786194,0.4114975929260254,low,0.55,0.45,SHORT
2025-06-15 12:00:00,1,0.2135031819343567,0.7864967584609985,low,0.55,0.45,LONG
2025-06-15 16:00:00,1,0.20069748163223267,0.7993025183677673,low,0.55,0.45,LONG
2025-06-16 00:00:00,1,0.10953447222709656,0.890465497970581,low,0.55,0.45,LONG
2025-06-16 04:00:00,1,0.1276731789112091,0.8723268508911133,low,0.55,0.45,LONG
2025-06-16 08:00:00,1,0.1834644377231598,0.8165355920791626,low,0.55,0.45,LONG
2025-06-17 00:00:00,0,0.8202759027481079,0.17972412705421448,low,0.55,0.45,SHORT
2025-06-17 04:00:00,0,0.9139007329940796,0.08609926700592041,low,0.55,0.45,SHORT
2025-06-19 12:00:00,1,0.17588530480861664,0.8241147398948669,low,0.55,0.45,LONG
2025-06-19 16:00:00,1,0.5653667449951172,0.4346332252025604,low,0.55,0.45,SHORT
2025-06-20 00:00:00,1,0.6372841596603394,0.3627158999443054,low,0.55,0.45,SHORT
2025-06-20 04:00:00,0,0.679790198802948,0.320209801197052,low,0.55,0.45,SHORT
2025-06-20 08:00:00,0,0.7795547246932983,0.22044527530670166,low,0.55,0.45,SHORT
2025-06-22 00:00:00,0,0.6866098046302795,0.31339016556739807,low,0.55,0.45,SHORT
2025-06-22 12:00:00,1,0.24316270649433136,0.7568372488021851,low,0.55,0.45,LONG
2025-06-22 16:00:00,1,0.2185911387205124,0.7814089059829712,low,0.55,0.45,LONG
2025-06-22 20:00:00,1,0.4024568200111389,0.5975431799888611,low,0.55,0.45,LONG
2025-06-23 00:00:00,1,0.19826659560203552,0.8017334342002869,low,0.55,0.45,LONG
2025-06-23 04:00:00,1,0.11811801046133041,0.8818820118904114,low,0.55,0.45,LONG
2025-06-23 08:00:00,1,0.10285116732120514,0.897148847579956,low,0.55,0.45,LONG
2025-06-23 12:00:00,1,0.11765779554843903,0.8823421597480774,low,0.55,0.45,LONG
2025-06-23 16:00:00,1,0.19030633568763733,0.8096936941146851,low,0.55,0.45,LONG
2025-06-24 08:00:00,1,0.1808728277683258,0.8191272020339966,low,0.55,0.45,LONG
2025-06-24 16:00:00,1,0.3344402313232422,0.6655597686767578,low,0.55,0.45,LONG
2025-06-24 20:00:00,1,0.26738446950912476,0.7326155304908752,low,0.55,0.45,LONG
2025-06-25 00:00:00,1,0.12338181585073471,0.8766181468963623,low,0.55,0.45,LONG
2025-07-01 16:00:00,1,0.21216753125190735,0.7878324389457703,low,0.55,0.45,LONG
2025-07-01 20:00:00,1,0.2787647247314453,0.7212352752685547,low,0.55,0.45,LONG
2025-07-02 00:00:00,1,0.12590911984443665,0.874090850353241,low,0.55,0.45,LONG
2025-07-02 04:00:00,1,0.1389884203672409,0.8610115051269531,low,0.55,0.45,LONG
2025-07-02 08:00:00,1,0.11002611368894577,0.8899738788604736,low,0.55,0.45,LONG
2025-07-03 00:00:00,1,0.40248122811317444,0.597518801689148,low,0.55,0.45,LONG
2025-07-06 04:00:00,1,0.28691723942756653,0.7130827903747559,low,0.55,0.45,LONG
2025-07-06 08:00:00,1,0.36641544103622437,0.6335845589637756,low,0.55,0.45,LONG
2025-07-09 00:00:00,1,0.7053046226501465,0.2946954369544983,low,0.55,0.45,SHORT
2025-07-09 04:00:00,1,0.23730626702308655,0.7626937627792358,low,0.55,0.45,LONG
2025-07-09 12:00:00,1,0.6624571084976196,0.33754292130470276,low,0.55,0.45,SHORT
2025-07-10 00:00:00,1,0.4431016445159912,0.5568983554840088,low,0.55,0.45,LONG
2025-07-10 04:00:00,1,0.3894575834274292,0.6105424165725708,low,0.55,0.45,LONG
2025-07-10 08:00:00,1,0.33291658759117126,0.6670833826065063,low,0.55,0.45,LONG
2025-07-10 12:00:00,1,0.35283908247947693,0.6471609473228455,low,0.55,0.45,LONG
2025-07-10 16:00:00,1,0.36728039383888245,0.6327196359634399,low,0.55,0.45,LONG
2025-07-11 00:00:00,1,0.5743679404258728,0.4256320297718048,low,0.55,0.45,SHORT
2025-07-12 20:00:00,1,0.23448197543621063,0.765518069267273,low,0.55,0.45,LONG
2025-07-13 08:00:00,1,0.1278742402791977,0.8721257448196411,low,0.55,0.45,LONG
2025-07-13 12:00:00,1,0.18591447174549103,0.8140854835510254,low,0.55,0.45,LONG
2025-07-13 16:00:00,1,0.34077590703964233,0.6592240929603577,low,0.55,0.45,LONG
2025-07-13 20:00:00,1,0.4166519045829773,0.5833480358123779,low,0.55,0.45,LONG
2025-07-14 00:00:00,1,0.2909628748893738,0.709037184715271,low,0.55,0.45,LONG
2025-07-14 08:00:00,0,0.34134674072265625,0.6586532592773438,low,0.55,0.45,LONG
2025-07-14 12:00:00,0,0.3168424665927887,0.6831575632095337,low,0.55,0.45,LONG
2025-07-14 16:00:00,0,0.1816754937171936,0.8183245658874512,low,0.55,0.45,LONG
2025-07-14 20:00:00,0,0.23881129920482635,0.7611886262893677,low,0.55,0.45,LONG
2025-07-15 12:00:00,1,0.4348309636116028,0.565169095993042,low,0.55,0.45,LONG
2025-07-15 16:00:00,1,0.2292107790708542,0.7707891464233398,low,0.55,0.45,LONG
2025-07-15 20:00:00,1,0.4495401382446289,0.5504598617553711,low,0.55,0.45,LONG
2025-07-16 00:00:00,1,0.18579281866550446,0.8142071962356567,low,0.55,0.45,LONG
2025-07-16 04:00:00,1,0.09563560038805008,0.9043643474578857,low,0.55,0.45,LONG
2025-07-17 04:00:00,1,0.09165455400943756,0.9083454012870789,low,0.55,0.45,LONG
2025-07-17 08:00:00,1,0.08742164820432663,0.9125783443450928,low,0.55,0.45,LONG
2025-07-17 12:00:00,1,0.09300294518470764,0.90699702501297,low,0.55,0.45,LONG
2025-07-17 16:00:00,1,0.09337367117404938,0.906626284122467,low,0.55,0.45,LONG
2025-07-20 20:00:00,1,0.2731616497039795,0.7268383502960205,low,0.55,0.45,LONG
2025-07-21 16:00:00,1,0.1412501186132431,0.8587498664855957,low,0.55,0.45,LONG
2025-07-21 20:00:00,1,0.3635462522506714,0.6364537477493286,low,0.55,0.45,LONG
2025-07-22 00:00:00,1,0.3189736604690552,0.6810262799263,low,0.55,0.45,LONG
2025-07-24 12:00:00,0,0.09253832697868347,0.9074616432189941,low,0.55,0.45,LONG
2025-07-24 16:00:00,0,0.14439307153224945,0.8556069135665894,low,0.55,0.45,LONG
2025-07-24 20:00:00,0,0.13277588784694672,0.8672241568565369,low,0.55,0.45,LONG
2025-07-25 04:00:00,1,0.13568143546581268,0.8643185496330261,low,0.55,0.45,LONG
2025-07-30 16:00:00,1,0.7385011315345764,0.26149889826774597,low,0.55,0.45,SHORT
2025-07-31 08:00:00,0,0.18655948340892792,0.8134405612945557,low,0.55,0.45,LONG
2025-07-31 12:00:00,0,0.29365354776382446,0.7063464522361755,low,0.55,0.45,LONG
2025-08-02 16:00:00,1,0.1340520679950714,0.8659479022026062,low,0.55,0.45,LONG
2025-08-02 20:00:00,1,0.18581074476242065,0.8141892552375793,low,0.55,0.45,LONG
2025-08-06 00:00:00,1,0.42452749609947205,0.5754724740982056,low,0.55,0.45,LONG
2025-08-06 20:00:00,1,0.8695499897003174,0.1304500252008438,low,0.55,0.45,SHORT
2025-08-09 12:00:00,1,0.6129629611968994,0.3870370090007782,low,0.55,0.45,SHORT
2025-08-09 20:00:00,1,0.44866666197776794,0.5513333678245544,low,0.55,0.45,LONG
2025-08-10 12:00:00,1,0.5548090934753418,0.4451909363269806,low,0.55,0.45,SHORT
2025-08-12 08:00:00,1,0.09003777801990509,0.9099622368812561,low,0.55,0.45,LONG
2025-08-12 20:00:00,1,0.10863491892814636,0.8913650512695312,low,0.55,0.45,LONG
2025-08-13 00:00:00,1,0.2749916613101959,0.7250083088874817,low,0.55,0.45,LONG
2025-08-13 04:00:00,1,0.1758783757686615,0.8241216540336609,low,0.55,0.45,LONG
2025-08-13 20:00:00,0,0.559920608997345,0.44007939100265503,low,0.55,0.45,SHORT
2025-08-14 00:00:00,0,0.3073764145374298,0.6926235556602478,low,0.55,0.45,LONG
2025-08-14 04:00:00,0,0.10199607908725739,0.898003876209259,low,0.55,0.45,LONG
2025-08-14 08:00:00,0,0.0966242104768753,0.9033758640289307,low,0.55,0.45,LONG
2025-08-18 08:00:00,1,0.5871133208274841,0.4128866493701935,low,0.55,0.45,SHORT
2025-08-21 20:00:00,1,0.13543912768363953,0.8645609021186829,low,0.55,0.45,LONG
2025-08-22 00:00:00,1,0.12249739468097687,0.8775026202201843,low,0.55,0.45,LONG
2025-08-22 04:00:00,1,0.14930297434329987,0.8506970405578613,low,0.55,0.45,LONG
2025-08-22 08:00:00,1,0.14416785538196564,0.8558320999145508,low,0.55,0.45,LONG
2025-08-24 00:00:00,0,0.24166879057884216,0.7583311796188354,low,0.55,0.45,LONG
2025-08-24 04:00:00,0,0.09902394562959671,0.9009760618209839,low,0.55,0.45,LONG
2025-08-24 08:00:00,0,0.10754035413265228,0.8924596309661865,low,0.55,0.45,LONG
2025-08-24 12:00:00,0,0.18042387068271637,0.8195760846138,low,0.55,0.45,LONG
2025-08-25 08:00:00,1,0.2324419915676117,0.7675580382347107,low,0.55,0.45,LONG
2025-08-26 04:00:00,1,0.5508086681365967,0.4491913616657257,low,0.55,0.45,SHORT
2025-08-26 08:00:00,1,0.5770535469055176,0.42294639348983765,low,0.55,0.45,SHORT
2025-08-27 04:00:00,1,0.3789639472961426,0.6210360527038574,low,0.55,0.45,LONG
2025-08-27 20:00:00,1,0.29710739850997925,0.7028926014900208,low,0.55,0.45,LONG
2025-08-28 20:00:00,0,0.6654676198959351,0.33453238010406494,low,0.55,0.45,SHORT
2025-08-29 00:00:00,0,0.3168284296989441,0.6831715703010559,low,0.55,0.45,LONG
2025-08-31 20:00:00,1,0.09498240798711777,0.905017614364624,low,0.55,0.45,LONG
2025-09-01 00:00:00,1,0.12461446225643158,0.875385582447052,low,0.55,0.45,LONG
2025-09-01 08:00:00,1,0.6771541237831116,0.3228459358215332,low,0.55,0.45,SHORT
2025-09-01 12:00:00,1,0.4430404305458069,0.5569595694541931,low,0.55,0.45,LONG
2025-09-01 20:00:00,1,0.6896986961364746,0.3103013336658478,low,0.55,0.45,SHORT
2025-09-02 08:00:00,1,0.23673667013645172,0.7632632851600647,low,0.55,0.45,LONG
2025-09-04 12:00:00,1,0.08490252494812012,0.9150974750518799,low,0.55,0.45,LONG
2025-09-04 16:00:00,1,0.1164867952466011,0.8835132122039795,low,0.55,0.45,LONG
2025-09-04 20:00:00,1,0.09712722897529602,0.9028727412223816,low,0.55,0.45,LONG
2025-09-05 00:00:00,1,0.12092357873916626,0.8790764212608337,low,0.55,0.45,LONG
2025-09-07 20:00:00,1,0.26842162013053894,0.7315784096717834,low,0.55,0.45,LONG
2025-09-08 00:00:00,1,0.19745296239852905,0.8025470972061157,low,0.55,0.45,LONG
2025-09-09 12:00:00,1,0.44167619943618774,0.558323860168457,low,0.55,0.45,LONG
2025-09-10 00:00:00,1,0.40406233072280884,0.5959376692771912,low,0.55,0.45,LONG
2025-09-10 04:00:00,1,0.29575660824775696,0.7042434215545654,low,0.55,0.45,LONG
2025-09-10 08:00:00,1,0.21599464118480682,0.784005343914032,low,0.55,0.45,LONG
2025-09-11 08:00:00,1,0.13888488709926605,0.8611150979995728,low,0.55,0.45,LONG
2025-09-11 12:00:00,1,0.17711782455444336,0.8228821754455566,low,0.55,0.45,LONG
2025-09-11 16:00:00,1,0.28688517212867737,0.713114857673645,low,0.55,0.45,LONG
2025-09-12 08:00:00,1,0.15516990423202515,0.8448300957679749,low,0.55,0.45,LONG
2025-09-16 08:00:00,1,0.15708686411380768,0.8429130911827087,low,0.55,0.45,LONG
2025-09-17 12:00:00,1,0.22649063169956207,0.7735093235969543,low,0.55,0.45,LONG
2025-09-21 12:00:00,0,0.33805760741233826,0.6619424223899841,low,0.55,0.45,LONG
2025-09-21 16:00:00,0,0.3363717496395111,0.6636282205581665,low,0.55,0.45,LONG
2025-09-24 00:00:00,1,0.2335570752620697,0.7664428949356079,low,0.55,0.45,LONG
2025-09-25 00:00:00,0,0.6073871850967407,0.3926128149032593,low,0.55,0.45,SHORT
2025-09-28 04:00:00,1,0.10166989266872406,0.8983300924301147,low,0.55,0.45,LONG
2025-09-28 08:00:00,1,0.09947247058153152,0.9005274772644043,low,0.55,0.45,LONG
2025-09-28 12:00:00,1,0.1322794407606125,0.8677206039428711,low,0.55,0.45,LONG
2025-09-28 16:00:00,1,0.16827833652496338,0.8317216634750366,low,0.55,0.45,LONG
2025-09-28 20:00:00,1,0.3869747817516327,0.6130252480506897,low,0.55,0.45,LONG
2025-09-29 00:00:00,1,0.32085999846458435,0.6791399717330933,low,0.55,0.45,LONG
2025-09-29 04:00:00,1,0.3864751160144806,0.6135249137878418,low,0.55,0.45,LONG
2025-09-29 08:00:00,1,0.2028733789920807,0.7971265912055969,low,0.55,0.45,LONG
2025-09-30 08:00:00,1,0.30357542634010315,0.6964245438575745,low,0.55,0.45,LONG
2025-09-30 16:00:00,1,0.8240464329719543,0.17595359683036804,low,0.55,0.45,SHORT
2025-09-30 20:00:00,1,0.8215392231941223,0.17846080660820007,low,0.55,0.45,SHORT
2025-10-01 00:00:00,1,0.8228230476379395,0.17717696726322174,low,0.55,0.45,SHORT
2025-10-01 04:00:00,1,0.5893779993057251,0.4106219410896301,low,0.55,0.45,SHORT
2025-10-01 08:00:00,1,0.873883068561554,0.12611690163612366,low,0.55,0.45,SHORT
2025-10-01 12:00:00,1,0.7720044255256653,0.22799551486968994,low,0.55,0.45,SHORT
2025-10-01 16:00:00,1,0.816544771194458,0.18345525860786438,low,0.55,0.45,SHORT
2025-10-02 00:00:00,1,0.6639947295188904,0.33600524067878723,low,0.55,0.45,SHORT
2025-10-02 04:00:00,1,0.3295271098613739,0.6704728603363037,low,0.55,0.45,LONG
2025-10-02 08:00:00,1,0.40627723932266235,0.5937227606773376,low,0.55,0.45,LONG
2025-10-03 08:00:00,1,0.6238571405410767,0.37614282965660095,low,0.55,0.45,SHORT
2025-10-04 08:00:00,1,0.27204185724258423,0.7279581427574158,low,0.55,0.45,LONG
2025-10-04 12:00:00,1,0.3748513162136078,0.6251487135887146,low,0.55,0.45,LONG
2025-10-04 16:00:00,1,0.35711291432380676,0.6428871154785156,low,0.55,0.45,LONG
2025-10-04 20:00:00,1,0.2751038670539856,0.7248961329460144,low,0.55,0.45,LONG
2025-10-05 00:00:00,1,0.5919150114059448,0.4080849885940552,low,0.55,0.45,SHORT
2025-10-06 04:00:00,1,0.11987091600894928,0.8801290988922119,low,0.55,0.45,LONG
2025-10-06 08:00:00,1,0.24099312722682953,0.759006917476654,low,0.55,0.45,LONG
2025-10-07 00:00:00,0,0.15746338665485382,0.8425366282463074,low,0.55,0.45,LONG
2025-10-07 08:00:00,0,0.11025342345237732,0.8897465467453003,low,0.55,0.45,LONG
2025-10-07 20:00:00,1,0.12624491751194,0.8737550973892212,low,0.55,0.45,LONG
2025-10-08 00:00:00,1,0.11911079287528992,0.8808892369270325,low,0.55,0.45,LONG
2025-10-08 04:00:00,1,0.16040462255477905,0.839595377445221,low,0.55,0.45,LONG
2025-10-08 12:00:00,1,0.2165045142173767,0.7834954857826233,low,0.55,0.45,LONG
2025-10-09 04:00:00,1,0.2710018754005432,0.728998064994812,low,0.55,0.45,LONG
2025-10-10 00:00:00,0,0.1932155042886734,0.8067845106124878,low,0.55,0.45,LONG
2025-10-10 04:00:00,0,0.12301063537597656,0.8769894242286682,low,0.55,0.45,LONG
2025-10-10 08:00:00,0,0.11451049894094467,0.8854895234107971,low,0.55,0.45,LONG
2025-10-10 12:00:00,0,0.13249599933624268,0.8675039410591125,low,0.55,0.45,LONG
2025-10-10 16:00:00,0,0.12122207880020142,0.8787778615951538,low,0.55,0.45,LONG
2025-10-11 04:00:00,1,0.2702634334564209,0.7297365665435791,mid,0.6,0.4,LONG
2025-10-11 20:00:00,1,0.3774396777153015,0.6225603222846985,mid,0.6,0.4,LONG
2025-10-12 04:00:00,1,0.6488354802131653,0.3511645197868347,mid,0.6,0.4,SHORT
2025-10-12 08:00:00,1,0.7889013290405273,0.21109864115715027,mid,0.6,0.4,SHORT
2025-10-12 12:00:00,1,0.8411529660224915,0.15884700417518616,mid,0.6,0.4,SHORT
2025-10-13 16:00:00,0,0.18464025855064392,0.8153597116470337,low,0.55,0.45,LONG
2025-10-13 20:00:00,0,0.17793530225753784,0.8220646977424622,low,0.55,0.45,LONG
2025-10-14 00:00:00,0,0.37268364429473877,0.6273163557052612,low,0.55,0.45,LONG
2025-10-14 04:00:00,1,0.39368587732315063,0.6063141226768494,low,0.55,0.45,LONG
2025-10-16 00:00:00,0,0.8187980651855469,0.1812019646167755,low,0.55,0.45,SHORT
2025-10-16 08:00:00,0,0.8724896907806396,0.12751033902168274,low,0.55,0.45,SHORT
2025-10-16 16:00:00,0,0.7294294238090515,0.27057063579559326,low,0.55,0.45,SHORT
2025-10-16 20:00:00,0,0.6793566346168518,0.3206433951854706,low,0.55,0.45,SHORT
2025-10-17 04:00:00,1,0.17865681648254395,0.821343183517456,mid,0.6,0.4,LONG
2025-10-17 08:00:00,1,0.1467239409685135,0.8532760739326477,mid,0.6,0.4,LONG
2025-10-19 04:00:00,1,0.23265957832336426,0.767340362071991,low,0.55,0.45,LONG
2025-10-19 12:00:00,1,0.5648297667503357,0.4351702034473419,low,0.55,0.45,SHORT
2025-10-19 16:00:00,1,0.6438702940940857,0.3561297059059143,low,0.55,0.45,SHORT
2025-10-20 12:00:00,0,0.5705175399780273,0.42948248982429504,low,0.55,0.45,SHORT
2025-10-20 16:00:00,0,0.8183260560035706,0.18167391419410706,low,0.55,0.45,SHORT
2025-10-20 20:00:00,1,0.7691324949264526,0.23086751997470856,low,0.55,0.45,SHORT
2025-10-21 00:00:00,1,0.34315672516822815,0.6568433046340942,low,0.55,0.45,LONG
2025-10-21 04:00:00,1,0.12689091265201569,0.8731091022491455,low,0.55,0.45,LONG
2025-10-21 08:00:00,1,0.1680269092321396,0.8319730758666992,low,0.55,0.45,LONG
2025-10-21 16:00:00,0,0.2073606252670288,0.7926393747329712,low,0.55,0.45,LONG
2025-10-22 12:00:00,1,0.3055955171585083,0.6944044828414917,low,0.55,0.45,LONG
2025-10-22 16:00:00,1,0.3727821409702301,0.6272178292274475,low,0.55,0.45,LONG
2025-10-22 20:00:00,1,0.5984106063842773,0.40158939361572266,low,0.55,0.45,SHORT
2025-10-23 04:00:00,1,0.2649407386779785,0.7350592613220215,low,0.55,0.45,LONG
2025-10-23 08:00:00,1,0.17011938989162445,0.8298806548118591,low,0.55,0.45,LONG
2025-10-23 20:00:00,1,0.33636268973350525,0.6636373400688171,low,0.55,0.45,LONG
2025-10-24 00:00:00,1,0.10050413757562637,0.8994958996772766,low,0.55,0.45,LONG
2025-10-24 12:00:00,1,0.10892690718173981,0.8910731673240662,low,0.55,0.45,LONG
2025-10-26 00:00:00,1,0.10285721719264984,0.897142767906189,low,0.55,0.45,LONG
2025-10-26 04:00:00,1,0.10248886793851852,0.8975110650062561,low,0.55,0.45,LONG
2025-10-26 08:00:00,1,0.1711171567440033,0.8288828730583191,low,0.55,0.45,LONG
2025-10-26 12:00:00,1,0.4147985279560089,0.5852015018463135,low,0.55,0.45,LONG
2025-10-26 16:00:00,1,0.29821279644966125,0.7017871737480164,low,0.55,0.45,LONG
2025-10-26 20:00:00,1,0.40687406063079834,0.5931258797645569,low,0.55,0.45,LONG
2025-10-27 20:00:00,1,0.08896437287330627,0.9110355973243713,low,0.55,0.45,LONG
2025-10-28 00:00:00,1,0.0853952094912529,0.9146047830581665,low,0.55,0.45,LONG
2025-10-28 04:00:00,1,0.09554097801446915,0.9044590592384338,low,0.55,0.45,LONG
2025-10-28 08:00:00,1,0.132988840341568,0.8670111894607544,low,0.55,0.45,LONG
2025-10-29 04:00:00,0,0.35010042786598206,0.6498995423316956,low,0.55,0.45,LONG
2025-10-29 08:00:00,0,0.3287490904331207,0.6712509393692017,low,0.55,0.45,LONG
2025-10-29 12:00:00,0,0.1330574005842209,0.8669426441192627,low,0.55,0.45,LONG
2025-10-30 00:00:00,0,0.18158218264579773,0.8184177875518799,low,0.55,0.45,LONG
2025-10-30 04:00:00,0,0.125258669257164,0.8747413158416748,low,0.55,0.45,LONG
2025-10-30 08:00:00,0,0.10709814727306366,0.8929018974304199,low,0.55,0.45,LONG
2025-10-30 12:00:00,1,0.10205086320638657,0.8979491591453552,low,0.55,0.45,LONG
2025-10-30 16:00:00,1,0.09836257249116898,0.9016373753547668,low,0.55,0.45,LONG
2025-10-30 20:00:00,1,0.11009075492620468,0.8899092674255371,low,0.55,0.45,LONG
2025-10-31 00:00:00,1,0.10470209270715714,0.8952978849411011,low,0.55,0.45,LONG
2025-10-31 04:00:00,1,0.1147625744342804,0.8852373957633972,low,0.55,0.45,LONG
2025-11-02 16:00:00,0,0.18954981863498688,0.8104501962661743,low,0.55,0.45,LONG
2025-11-02 20:00:00,0,0.13398723304271698,0.8660127520561218,low,0.55,0.45,LONG
2025-11-03 12:00:00,1,0.10861654579639435,0.8913834095001221,low,0.55,0.45,LONG
2025-11-03 16:00:00,0,0.12108469754457474,0.8789152503013611,low,0.55,0.45,LONG
2025-11-03 20:00:00,0,0.2394137680530548,0.7605862021446228,low,0.55,0.45,LONG
2025-11-04 00:00:00,0,0.392356276512146,0.607643723487854,low,0.55,0.45,LONG
2025-11-04 04:00:00,0,0.22946594655513763,0.770534098148346,low,0.55,0.45,LONG
2025-11-04 08:00:00,0,0.19565936923027039,0.8043406009674072,low,0.55,0.45,LONG
2025-11-04 12:00:00,0,0.24103769659996033,0.7589622735977173,low,0.55,0.45,LONG
2025-11-04 16:00:00,1,0.16948311030864716,0.8305168747901917,low,0.55,0.45,LONG
2025-11-04 20:00:00,1,0.19970880448818207,0.8002912402153015,low,0.55,0.45,LONG
2025-11-05 00:00:00,1,0.3451478183269501,0.6548522114753723,mid,0.6,0.4,LONG
2025-11-05 08:00:00,1,0.773086428642273,0.22691355645656586,low,0.55,0.45,SHORT
2025-11-06 00:00:00,0,0.832619309425354,0.1673806756734848,low,0.55,0.45,SHORT
2025-11-07 04:00:00,1,0.37949782609939575,0.620502233505249,low,0.55,0.45,LONG
2025-11-07 08:00:00,1,0.11155632883310318,0.8884437084197998,low,0.55,0.45,LONG
2025-11-07 12:00:00,1,0.12925952672958374,0.8707404136657715,low,0.55,0.45,LONG
2025-11-08 20:00:00,1,0.27265307307243347,0.7273469567298889,low,0.55,0.45,LONG
2025-11-09 00:00:00,1,0.4068469703197479,0.5931529998779297,low,0.55,0.45,LONG
2025-11-09 04:00:00,1,0.7513012886047363,0.24869875609874725,low,0.55,0.45,SHORT
2025-11-09 08:00:00,1,0.7816498279571533,0.2183501422405243,low,0.55,0.45,SHORT
2025-11-09 12:00:00,1,0.75128573179245,0.24871422350406647,low,0.55,0.45,SHORT
2025-11-09 16:00:00,1,0.6998432874679565,0.30015671253204346,low,0.55,0.45,SHORT
2025-11-09 20:00:00,1,0.8697240948677063,0.1302758902311325,low,0.55,0.45,SHORT
2025-11-10 12:00:00,1,0.212237149477005,0.7877628803253174,low,0.55,0.45,LONG
2025-11-10 16:00:00,1,0.23363016545772552,0.7663698792457581,low,0.55,0.45,LONG
2025-11-11 00:00:00,0,0.16976073384284973,0.8302392363548279,low,0.55,0.45,LONG
2025-11-11 16:00:00,1,0.08947260677814484,0.9105274081230164,low,0.55,0.45,LONG
2025-11-11 20:00:00,1,0.1020859107375145,0.8979141116142273,low,0.55,0.45,LONG
2025-11-12 00:00:00,1,0.08783873915672302,0.9121612310409546,low,0.55,0.45,LONG
2025-11-12 04:00:00,1,0.10578378289937973,0.8942161798477173,low,0.55,0.45,LONG
2025-11-12 08:00:00,0,0.13402770459651947,0.8659723401069641,low,0.55,0.45,LONG
2025-11-12 12:00:00,1,0.12243093550205231,0.8775690793991089,low,0.55,0.45,LONG
2025-11-12 16:00:00,1,0.13136638700962067,0.8686336278915405,low,0.55,0.45,LONG
2025-11-12 20:00:00,1,0.15036475658416748,0.8496353030204773,low,0.55,0.45,LONG
2025-11-13 00:00:00,1,0.11285781860351562,0.8871421813964844,low,0.55,0.45,LONG
2025-11-13 04:00:00,0,0.09917668998241425,0.9008232951164246,low,0.55,0.45,LONG
2025-11-13 08:00:00,0,0.10551134496927261,0.8944886922836304,low,0.55,0.45,LONG
2025-11-13 12:00:00,0,0.12043214589357376,0.8795679211616516,low,0.55,0.45,LONG
2025-11-13 16:00:00,1,0.09717325866222382,0.902826726436615,low,0.55,0.45,LONG
2025-11-13 20:00:00,0,0.09010866284370422,0.9098913073539734,low,0.55,0.45,LONG
2025-11-14 00:00:00,0,0.20693999528884888,0.7930600047111511,low,0.55,0.45,LONG
2025-11-14 04:00:00,0,0.20072124898433685,0.799278736114502,mid,0.6,0.4,LONG
2025-11-14 20:00:00,1,0.2957650423049927,0.7042350172996521,mid,0.6,0.4,LONG
2025-11-16 16:00:00,1,0.6125335693359375,0.3874664306640625,low,0.55,0.45,SHORT
2025-11-16 20:00:00,1,0.31284546852111816,0.6871545314788818,low,0.55,0.45,LONG
2025-11-17 00:00:00,0,0.3663557171821594,0.6336443424224854,low,0.55,0.45,LONG
2025-11-17 08:00:00,0,0.4497967064380646,0.5502033233642578,low,0.55,0.45,LONG
2025-11-17 12:00:00,0,0.21791701018810272,0.7820829749107361,low,0.55,0.45,LONG
2025-11-17 20:00:00,0,0.13468116521835327,0.8653188943862915,low,0.55,0.45,LONG
2025-11-18 00:00:00,1,0.19111400842666626,0.8088859915733337,mid,0.6,0.4,LONG
2025-11-18 04:00:00,1,0.24272331595420837,0.7572766542434692,mid,0.6,0.4,LONG
2025-11-18 08:00:00,1,0.24009862542152405,0.7599014043807983,mid,0.6,0.4,LONG
2025-11-18 16:00:00,0,0.6205790638923645,0.3794209659099579,low,0.55,0.45,SHORT
2025-11-19 08:00:00,0,0.7531207203865051,0.24687927961349487,low,0.55,0.45,SHORT
2025-11-19 12:00:00,1,0.6968599557876587,0.3031400442123413,mid,0.6,0.4,SHORT
2025-11-19 16:00:00,1,0.25897538661956787,0.7410246729850769,mid,0.6,0.4,LONG
2025-11-20 00:00:00,0,0.626024603843689,0.37397536635398865,mid,0.6,0.4,SHORT
2025-11-20 04:00:00,0,0.31820350885391235,0.6817964315414429,mid,0.6,0.4,LONG
2025-11-20 08:00:00,0,0.18865656852722168,0.8113434314727783,mid,0.6,0.4,LONG
2025-11-20 12:00:00,0,0.133176788687706,0.8668231964111328,mid,0.6,0.4,LONG
2025-11-20 16:00:00,1,0.10281302034854889,0.8971869945526123,mid,0.6,0.4,LONG
2025-11-20 20:00:00,0,0.11135050654411316,0.8886495232582092,mid,0.6,0.4,LONG
2025-11-21 00:00:00,0,0.13450969755649567,0.8654903173446655,mid,0.6,0.4,LONG
2025-11-21 08:00:00,1,0.11727453023195267,0.8827254772186279,high,0.72,0.28,LONG
2025-11-21 12:00:00,1,0.13531643152236938,0.8646835088729858,high,0.72,0.28,LONG
2025-11-21 16:00:00,1,0.2038823515176773,0.7961176633834839,high,0.72,0.28,LONG
2025-11-22 12:00:00,1,0.6250362396240234,0.37496376037597656,mid,0.6,0.4,SHORT
2025-11-22 16:00:00,1,0.654435396194458,0.345564603805542,mid,0.6,0.4,SHORT
2025-11-22 20:00:00,1,0.7661305665969849,0.23386943340301514,mid,0.6,0.4,SHORT
2025-11-24 00:00:00,1,0.6835236549377441,0.31647634506225586,mid,0.6,0.4,SHORT
2025-11-24 04:00:00,1,0.7309684157371521,0.2690315842628479,mid,0.6,0.4,SHORT
2025-11-24 12:00:00,1,0.3007320761680603,0.6992679238319397,mid,0.6,0.4,LONG
2025-11-25 16:00:00,1,0.2217199057340622,0.7782800793647766,mid,0.6,0.4,LONG
2025-11-26 00:00:00,1,0.14500115811824799,0.8549988269805908,low,0.55,0.45,LONG
2025-11-26 04:00:00,1,0.22430314123630524,0.775696873664856,low,0.55,0.45,LONG
2025-11-26 08:00:00,1,0.16824710369110107,0.8317528963088989,low,0.55,0.45,LONG
2025-11-26 12:00:00,1,0.2388020157814026,0.7611979842185974,low,0.55,0.45,LONG
2025-11-26 16:00:00,1,0.3418394923210144,0.6581604480743408,mid,0.6,0.4,LONG
2025-11-26 20:00:00,1,0.6048932075500488,0.3951067626476288,low,0.55,0.45,SHORT
2025-11-27 20:00:00,1,0.13983803987503052,0.8601619601249695,low,0.55,0.45,LONG
2025-11-28 00:00:00,1,0.1323881894350052,0.867611825466156,low,0.55,0.45,LONG
2025-11-28 04:00:00,1,0.3658050298690796,0.6341949701309204,low,0.55,0.45,LONG
2025-11-28 08:00:00,1,0.6274190545082092,0.37258094549179077,low,0.55,0.45,SHORT
2025-11-30 08:00:00,0,0.1124519556760788,0.88754802942276,low,0.55,0.45,LONG
2025-11-30 12:00:00,0,0.10958380252122879,0.890416145324707,low,0.55,0.45,LONG
2025-11-30 16:00:00,0,0.11465674638748169,0.8853432536125183,low,0.55,0.45,LONG
2025-11-30 20:00:00,0,0.12531384825706482,0.8746861219406128,low,0.55,0.45,LONG
2025-12-01 04:00:00,0,0.21094723045825958,0.7890527844429016,low,0.55,0.45,LONG
2025-12-01 12:00:00,1,0.38480812311172485,0.6151919364929199,low,0.55,0.45,LONG
2025-12-01 16:00:00,1,0.3859836459159851,0.6140163540840149,low,0.55,0.45,LONG
2025-12-01 20:00:00,1,0.5995352864265442,0.40046465396881104,low,0.55,0.45,SHORT
2025-12-02 12:00:00,1,0.7629930377006531,0.23700690269470215,low,0.55,0.45,SHORT
2025-12-02 16:00:00,1,0.743568480014801,0.2564314603805542,low,0.55,0.45,SHORT
2025-12-02 20:00:00,1,0.7848575711250305,0.2151423841714859,low,0.55,0.45,SHORT
2025-12-03 12:00:00,1,0.17639879882335663,0.8236011862754822,low,0.55,0.45,LONG
2025-12-05 00:00:00,0,0.18108461797237396,0.8189153671264648,low,0.55,0.45,LONG
2025-12-05 04:00:00,0,0.164707213640213,0.8352927565574646,low,0.55,0.45,LONG
2025-12-05 08:00:00,0,0.10290855914354324,0.8970914483070374,low,0.55,0.45,LONG
2025-12-07 00:00:00,1,0.3154716491699219,0.6845284104347229,low,0.55,0.45,LONG
2025-12-07 04:00:00,1,0.1439536213874817,0.8560463786125183,low,0.55,0.45,LONG
2025-12-07 08:00:00,1,0.08880242705345154,0.9111976027488708,low,0.55,0.45,LONG
2025-12-07 12:00:00,1,0.11056535691022873,0.8894346952438354,low,0.55,0.45,LONG
2025-12-07 20:00:00,1,0.40046191215515137,0.5995381474494934,low,0.55,0.45,LONG
2025-12-08 12:00:00,1,0.2153562605381012,0.7846437096595764,low,0.55,0.45,LONG
2025-12-08 20:00:00,1,0.26880523562431335,0.731194794178009,low,0.55,0.45,LONG
2025-12-09 00:00:00,1,0.23995272815227509,0.7600472569465637,low,0.55,0.45,LONG
2025-12-09 04:00:00,1,0.13939842581748962,0.8606016039848328,low,0.55,0.45,LONG
2025-12-09 08:00:00,1,0.09429445117712021,0.9057055711746216,low,0.55,0.45,LONG
2025-12-10 04:00:00,1,0.4132606089115143,0.5867394208908081,low,0.55,0.45,LONG
2025-12-10 08:00:00,1,0.20421166718006134,0.7957882881164551,low,0.55,0.45,LONG
2025-12-10 12:00:00,1,0.33717572689056396,0.662824273109436,low,0.55,0.45,LONG
2025-12-10 16:00:00,1,0.31187665462493896,0.6881234049797058,low,0.55,0.45,LONG
2025-12-11 00:00:00,1,0.19253194332122803,0.807468056678772,low,0.55,0.45,LONG
2025-12-11 08:00:00,1,0.27791348099708557,0.7220865488052368,low,0.55,0.45,LONG
2025-12-11 12:00:00,1,0.22461281716823578,0.775387167930603,low,0.55,0.45,LONG
2025-12-11 16:00:00,1,0.16983041167259216,0.8301696181297302,low,0.55,0.45,LONG
2025-12-12 04:00:00,0,0.6504576802253723,0.3495423197746277,low,0.55,0.45,SHORT
2025-12-14 16:00:00,1,0.09787044674158096,0.902129590511322,low,0.55,0.45,LONG
2025-12-14 20:00:00,1,0.08762320876121521,0.9123767614364624,low,0.55,0.45,LONG
2025-12-15 00:00:00,0,0.18494854867458344,0.8150514364242554,low,0.55,0.45,LONG
2025-12-15 04:00:00,0,0.3165389895439148,0.6834609508514404,low,0.55,0.45,LONG
2025-12-15 08:00:00,0,0.3139163851737976,0.6860835552215576,low,0.55,0.45,LONG
2025-12-15 20:00:00,1,0.15824569761753082,0.8417543172836304,low,0.55,0.45,LONG
2025-12-16 00:00:00,1,0.30993789434432983,0.6900621056556702,low,0.55,0.45,LONG
2025-12-16 04:00:00,1,0.3168727159500122,0.6831272840499878,low,0.55,0.45,LONG
2025-12-16 20:00:00,1,0.6733770370483398,0.32662296295166016,low,0.55,0.45,SHORT
2025-12-17 00:00:00,1,0.6512182354927063,0.3487817049026489,low,0.55,0.45,SHORT
2025-12-17 04:00:00,1,0.38453739881515503,0.6154626607894897,low,0.55,0.45,LONG
2025-12-17 08:00:00,1,0.36714524030685425,0.6328547596931458,low,0.55,0.45,LONG
2025-12-17 16:00:00,1,0.36995184421539307,0.6300480961799622,low,0.55,0.45,LONG
2025-12-17 20:00:00,1,0.17065194249153137,0.829348087310791,low,0.55,0.45,LONG
2025-12-18 00:00:00,1,0.28541362285614014,0.7145863771438599,low,0.55,0.45,LONG
2025-12-18 04:00:00,1,0.36699292063713074,0.6330071091651917,low,0.55,0.45,LONG
2025-12-18 08:00:00,1,0.5872715711593628,0.4127284586429596,low,0.55,0.45,SHORT
2025-12-18 16:00:00,1,0.3450155556201935,0.6549844741821289,mid,0.6,0.4,LONG
2025-12-21 12:00:00,1,0.15005415678024292,0.8499459028244019,low,0.55,0.45,LONG
2025-12-21 16:00:00,1,0.14752405881881714,0.8524759411811829,low,0.55,0.45,LONG
2025-12-21 20:00:00,1,0.2637414336204529,0.7362586259841919,low,0.55,0.45,LONG
2025-12-22 00:00:00,1,0.2231210321187973,0.7768788933753967,low,0.55,0.45,LONG
2025-12-22 04:00:00,1,0.1267022043466568,0.8732978105545044,low,0.55,0.45,LONG
2025-12-25 08:00:00,1,0.08834860473871231,0.9116514325141907,low,0.55,0.45,LONG
2025-12-25 16:00:00,1,0.15032149851322174,0.8496784567832947,low,0.55,0.45,LONG
2025-12-25 20:00:00,1,0.12232531607151031,0.8776746392250061,low,0.55,0.45,LONG
2025-12-28 08:00:00,1,0.10340727120637894,0.8965927958488464,low,0.55,0.45,LONG
2025-12-28 12:00:00,1,0.217259019613266,0.7827409505844116,low,0.55,0.45,LONG
2025-12-28 16:00:00,1,0.15147536993026733,0.8485246300697327,low,0.55,0.45,LONG
2025-12-28 20:00:00,1,0.17457330226898193,0.8254267573356628,low,0.55,0.45,LONG
2025-12-29 00:00:00,0,0.22302430868148804,0.776975691318512,low,0.55,0.45,LONG
2025-12-29 04:00:00,0,0.11549277603626251,0.8845072388648987,low,0.55,0.45,LONG
2025-12-29 20:00:00,1,0.10755287855863571,0.8924471735954285,low,0.55,0.45,LONG
2025-12-30 00:00:00,1,0.13158266246318817,0.8684173226356506,low,0.55,0.45,LONG
2025-12-30 04:00:00,1,0.27559328079223633,0.7244067192077637,low,0.55,0.45,LONG
2025-12-30 08:00:00,1,0.2841825485229492,0.7158174514770508,low,0.55,0.45,LONG
2026-01-01 16:00:00,1,0.10128054022789001,0.8987194895744324,low,0.55,0.45,LONG
2026-01-02 00:00:00,1,0.1083785817027092,0.8916214108467102,low,0.55,0.45,LONG
2026-01-02 04:00:00,1,0.18394120037555695,0.8160588145256042,low,0.55,0.45,LONG
2026-01-02 08:00:00,1,0.14316050708293915,0.8568395376205444,low,0.55,0.45,LONG
2026-01-02 12:00:00,1,0.2731500566005707,0.7268499732017517,low,0.55,0.45,LONG
2026-01-03 08:00:00,1,0.13085396587848663,0.8691459894180298,low,0.55,0.45,LONG
2026-01-03 12:00:00,1,0.15658745169639587,0.8434125185012817,low,0.55,0.45,LONG
2026-01-03 16:00:00,1,0.11945443600416183,0.8805455565452576,low,0.55,0.45,LONG
2026-01-04 08:00:00,1,0.17321448028087616,0.8267855048179626,low,0.55,0.45,LONG
2026-01-04 12:00:00,1,0.16009213030338287,0.8399078249931335,low,0.55,0.45,LONG
2026-01-04 16:00:00,1,0.11542951315641403,0.8845704197883606,low,0.55,0.45,LONG
2026-01-04 20:00:00,1,0.1140684261918068,0.8859316110610962,low,0.55,0.45,LONG
2026-01-05 00:00:00,1,0.14119544625282288,0.8588045835494995,low,0.55,0.45,LONG
2026-01-05 04:00:00,1,0.10962557792663574,0.8903743624687195,low,0.55,0.45,LONG
2026-01-05 08:00:00,1,0.1201949417591095,0.8798050880432129,low,0.55,0.45,LONG
2026-01-06 16:00:00,1,0.10216835141181946,0.8978316187858582,low,0.55,0.45,LONG
2026-01-08 08:00:00,1,0.12107537686824799,0.8789246678352356,low,0.55,0.45,LONG
2026-01-09 08:00:00,1,0.12066297978162766,0.8793370127677917,low,0.55,0.45,LONG
2026-01-11 12:00:00,1,0.5934597253799438,0.40654030442237854,low,0.55,0.45,SHORT
2026-01-11 16:00:00,1,0.6849817037582397,0.31501829624176025,low,0.55,0.45,SHORT
2026-01-11 20:00:00,1,0.6186278462409973,0.3813721537590027,low,0.55,0.45,SHORT
2026-01-13 00:00:00,1,0.2469628006219864,0.7530372142791748,low,0.55,0.45,LONG
2026-01-13 08:00:00,1,0.449388325214386,0.550611674785614,low,0.55,0.45,LONG
2026-01-13 12:00:00,1,0.8068418502807617,0.19315814971923828,low,0.55,0.45,SHORT
2026-01-13 16:00:00,1,0.6400466561317444,0.359953373670578,low,0.55,0.45,SHORT
2026-01-13 20:00:00,1,0.8254539370536804,0.17454609274864197,low,0.55,0.45,SHORT
2026-01-14 00:00:00,1,0.8321813941001892,0.16781865060329437,low,0.55,0.45,SHORT
2026-01-14 04:00:00,1,0.5667178630828857,0.4332820773124695,low,0.55,0.45,SHORT
2026-01-14 08:00:00,1,0.44437021017074585,0.5556298494338989,low,0.55,0.45,LONG
2026-01-18 08:00:00,0,0.8092252016067505,0.1907748579978943,low,0.55,0.45,SHORT
2026-01-18 12:00:00,0,0.7238902449607849,0.27610981464385986,low,0.55,0.45,SHORT
2026-01-18 16:00:00,0,0.8403530716896057,0.1596469134092331,low,0.55,0.45,SHORT
2026-01-20 00:00:00,0,0.18690745532512665,0.8130925893783569,low,0.55,0.45,LONG
2026-01-20 04:00:00,0,0.11319229751825333,0.8868077397346497,low,0.55,0.45,LONG
2026-01-20 08:00:00,0,0.11748979240655899,0.8825101852416992,low,0.55,0.45,LONG
2026-01-20 12:00:00,0,0.17244082689285278,0.8275591731071472,low,0.55,0.45,LONG
2026-01-20 20:00:00,1,0.13223347067832947,0.8677665591239929,low,0.55,0.45,LONG
2026-01-21 04:00:00,1,0.1678953617811203,0.8321046233177185,low,0.55,0.45,LONG
2026-01-21 08:00:00,1,0.2739412486553192,0.7260587215423584,low,0.55,0.45,LONG
2026-01-21 12:00:00,0,0.35678908228874207,0.6432109475135803,low,0.55,0.45,LONG
2026-01-23 04:00:00,1,0.2572903037071228,0.7427096962928772,low,0.55,0.45,LONG
2026-01-23 08:00:00,1,0.25145742297172546,0.7485425472259521,low,0.55,0.45,LONG
2026-01-25 00:00:00,0,0.11360662430524826,0.8863933682441711,low,0.55,0.45,LONG
2026-01-25 16:00:00,1,0.11893778294324875,0.8810622096061707,low,0.55,0.45,LONG
2026-01-25 20:00:00,1,0.09999500215053558,0.9000049829483032,low,0.55,0.45,LONG
2026-01-26 00:00:00,1,0.14575786888599396,0.8542420864105225,low,0.55,0.45,LONG
2026-01-26 12:00:00,1,0.18878069519996643,0.811219334602356,low,0.55,0.45,LONG
2026-01-27 08:00:00,1,0.8710125684738159,0.1289874017238617,low,0.55,0.45,SHORT
2026-01-27 12:00:00,1,0.7547837495803833,0.24521620571613312,low,0.55,0.45,SHORT
2026-01-27 16:00:00,1,0.813473641872406,0.1865263134241104,low,0.55,0.45,SHORT
2026-01-28 00:00:00,1,0.8490921854972839,0.15090778470039368,low,0.55,0.45,SHORT
2026-01-28 04:00:00,1,0.5764769911766052,0.4235230088233948,low,0.55,0.45,SHORT
2026-01-29 00:00:00,0,0.44079479575157166,0.559205174446106,low,0.55,0.45,LONG
2026-01-29 08:00:00,0,0.6555907130241394,0.344409316778183,low,0.55,0.45,SHORT
2026-01-29 12:00:00,0,0.10428483039140701,0.8957151770591736,low,0.55,0.45,LONG
2026-01-29 16:00:00,0,0.09982907027006149,0.9001709222793579,low,0.55,0.45,LONG
2026-01-29 20:00:00,0,0.14777882397174835,0.8522211313247681,low,0.55,0.45,LONG
2026-01-30 00:00:00,1,0.7619971036911011,0.2380029559135437,low,0.55,0.45,SHORT
2026-01-30 04:00:00,1,0.6568663716316223,0.3431336283683777,low,0.55,0.45,SHORT
2026-01-30 08:00:00,1,0.7691488862037659,0.23085106909275055,low,0.55,0.45,SHORT
2026-01-30 12:00:00,1,0.8746628761291504,0.12533718347549438,low,0.55,0.45,SHORT
2026-01-30 20:00:00,0,0.8429663777351379,0.15703366696834564,low,0.55,0.45,SHORT
2026-01-31 00:00:00,0,0.7269455194473267,0.27305448055267334,low,0.55,0.45,SHORT
2026-01-31 04:00:00,0,0.5875928401947021,0.4124072194099426,low,0.55,0.45,SHORT
2026-01-31 08:00:00,0,0.5673158168792725,0.43268418312072754,low,0.55,0.45,SHORT
2026-01-31 12:00:00,0,0.38167285919189453,0.6183271408081055,low,0.55,0.45,LONG
2026-01-31 16:00:00,1,0.13128170371055603,0.8687183260917664,mid,0.6,0.4,LONG
2026-02-01 04:00:00,0,0.28246960043907166,0.7175304293632507,mid,0.6,0.4,LONG
2026-02-02 00:00:00,1,0.35656625032424927,0.6434337496757507,mid,0.6,0.4,LONG
2026-02-02 04:00:00,1,0.335737019777298,0.6642630100250244,mid,0.6,0.4,LONG
2026-02-03 00:00:00,0,0.7044064998626709,0.2955934405326843,mid,0.6,0.4,SHORT
2026-02-03 04:00:00,0,0.8207606673240662,0.17923933267593384,mid,0.6,0.4,SHORT
2026-02-03 08:00:00,0,0.7264909744262695,0.27350908517837524,mid,0.6,0.4,SHORT
2026-02-03 12:00:00,0,0.6624835729598999,0.3375163972377777,mid,0.6,0.4,SHORT
2026-02-03 16:00:00,1,0.11615905910730362,0.8838409781455994,mid,0.6,0.4,LONG
2026-02-03 20:00:00,1,0.24563682079315186,0.7543632388114929,high,0.72,0.28,LONG
2026-02-04 04:00:00,0,0.22671666741371155,0.7732833623886108,mid,0.6,0.4,LONG
2026-02-04 08:00:00,0,0.2344900369644165,0.7655099630355835,mid,0.6,0.4,LONG
2026-02-04 12:00:00,0,0.18419453501701355,0.8158054947853088,mid,0.6,0.4,LONG
2026-02-04 16:00:00,0,0.14488348364830017,0.8551165461540222,mid,0.6,0.4,LONG
2026-02-04 20:00:00,0,0.21729543805122375,0.7827045917510986,high,0.72,0.28,LONG
2026-02-05 00:00:00,0,0.20462338626384735,0.7953765988349915,high,0.72,0.28,LONG
2026-02-05 04:00:00,1,0.18258841335773468,0.8174116015434265,high,0.72,0.28,LONG
2026-02-05 08:00:00,0,0.21971610188484192,0.7802839279174805,high,0.72,0.28,LONG
2026-02-05 16:00:00,0,0.16731347143650055,0.8326864838600159,high,0.72,0.28,LONG
2026-02-06 16:00:00,0,0.8127548694610596,0.18724510073661804,high,0.72,0.28,SHORT
2026-02-07 00:00:00,0,0.7696857452392578,0.230314239859581,high,0.72,0.28,SHORT
2026-02-07 08:00:00,1,0.23131078481674194,0.7686892151832581,high,0.72,0.28,LONG
2026-02-08 00:00:00,1,0.18514975905418396,0.8148502707481384,high,0.72,0.28,LONG
2026-02-08 12:00:00,1,0.7317990660667419,0.26820099353790283,high,0.72,0.28,SHORT
2026-02-09 08:00:00,1,0.10787994414567947,0.8921201229095459,high,0.72,0.28,LONG
2026-02-09 12:00:00,1,0.15924876928329468,0.8407512307167053,high,0.72,0.28,LONG
2026-02-09 20:00:00,0,0.22740930318832397,0.772590696811676,high,0.72,0.28,LONG
2026-02-10 04:00:00,1,0.1299082487821579,0.8700916767120361,high,0.72,0.28,LONG
2026-02-10 08:00:00,1,0.11208027601242065,0.8879197239875793,mid,0.6,0.4,LONG
2026-02-10 12:00:00,0,0.295150488615036,0.7048495411872864,mid,0.6,0.4,LONG
2026-02-10 16:00:00,0,0.1781787872314453,0.8218211531639099,mid,0.6,0.4,LONG
2026-02-10 20:00:00,0,0.17770051956176758,0.8222995400428772,mid,0.6,0.4,LONG
2026-02-11 00:00:00,0,0.14096710085868835,0.8590328693389893,mid,0.6,0.4,LONG
2026-02-11 04:00:00,1,0.14565996825695038,0.8543400764465332,mid,0.6,0.4,LONG
2026-02-11 08:00:00,1,0.17104238271713257,0.8289576768875122,mid,0.6,0.4,LONG
2026-02-11 12:00:00,1,0.12805865705013275,0.8719413876533508,mid,0.6,0.4,LONG
2026-02-11 20:00:00,1,0.29472142457962036,0.7052786350250244,mid,0.6,0.4,LONG
2026-02-12 08:00:00,0,0.6940025091171265,0.3059975504875183,mid,0.6,0.4,SHORT
2026-02-12 12:00:00,0,0.7784718871116638,0.22152811288833618,mid,0.6,0.4,SHORT
2026-02-12 16:00:00,1,0.3239864408969879,0.6760135889053345,mid,0.6,0.4,LONG
2026-02-12 20:00:00,1,0.32995036244392395,0.6700496673583984,mid,0.6,0.4,LONG
2026-02-13 00:00:00,1,0.39868417382240295,0.6013157963752747,mid,0.6,0.4,LONG
2026-02-13 04:00:00,1,0.3949831426143646,0.605016827583313,mid,0.6,0.4,LONG
2026-02-13 16:00:00,1,0.8740507960319519,0.12594915926456451,mid,0.6,0.4,SHORT
2026-02-13 20:00:00,1,0.7792631387710571,0.22073687613010406,mid,0.6,0.4,SHORT
2026-02-14 00:00:00,1,0.7614409327507019,0.23855911195278168,mid,0.6,0.4,SHORT
2026-02-14 12:00:00,1,0.23782159388065338,0.7621784210205078,mid,0.6,0.4,LONG
2026-02-14 16:00:00,1,0.25141409039497375,0.7485858798027039,mid,0.6,0.4,LONG
2026-02-14 20:00:00,1,0.44736430048942566,0.5526357293128967,low,0.55,0.45,LONG
2026-02-15 04:00:00,0,0.2555695176124573,0.7444304823875427,low,0.55,0.45,LONG
2026-02-15 08:00:00,0,0.29792410135269165,0.7020758986473083,low,0.55,0.45,LONG
2026-02-15 20:00:00,1,0.28053438663482666,0.7194656133651733,low,0.55,0.45,LONG
2026-02-16 00:00:00,1,0.28608351945877075,0.7139164805412292,low,0.55,0.45,LONG
2026-02-16 04:00:00,1,0.3667796552181244,0.6332203149795532,low,0.55,0.45,LONG
2026-02-16 08:00:00,1,0.18197490274906158,0.8180251121520996,low,0.55,0.45,LONG
2026-02-16 12:00:00,1,0.14564967155456543,0.8543503284454346,mid,0.6,0.4,LONG
2026-02-16 16:00:00,1,0.4100348651409149,0.5899651050567627,low,0.55,0.45,LONG
2026-02-18 04:00:00,0,0.8489410281181335,0.15105895698070526,low,0.55,0.45,SHORT
2026-02-18 16:00:00,1,0.33294567465782166,0.667054295539856,mid,0.6,0.4,LONG
2026-02-19 12:00:00,1,0.10718785971403122,0.8928120732307434,low,0.55,0.45,LONG
2026-02-19 16:00:00,1,0.15036912262439728,0.8496308922767639,low,0.55,0.45,LONG
2026-02-19 20:00:00,1,0.14411181211471558,0.8558881878852844,low,0.55,0.45,LONG
2026-02-22 08:00:00,0,0.09112190455198288,0.9088781476020813,low,0.55,0.45,LONG
2026-02-22 12:00:00,0,0.09106594324111938,0.9089340567588806,low,0.55,0.45,LONG
2026-02-22 16:00:00,0,0.08359236270189285,0.9164077043533325,low,0.55,0.45,LONG
2026-02-22 20:00:00,0,0.14498744904994965,0.8550124764442444,low,0.55,0.45,LONG
2026-02-23 04:00:00,0,0.6424201726913452,0.3575798571109772,low,0.55,0.45,SHORT
2026-02-23 08:00:00,0,0.6318934559822083,0.36810651421546936,low,0.55,0.45,SHORT
2026-02-24 00:00:00,1,0.4048826992511749,0.5951172709465027,low,0.55,0.45,LONG
2026-02-24 04:00:00,1,0.42050987482070923,0.5794901251792908,low,0.55,0.45,LONG
2026-02-24 08:00:00,1,0.41801291704177856,0.5819870829582214,low,0.55,0.45,LONG
2026-02-24 16:00:00,1,0.5821097493171692,0.41789019107818604,low,0.55,0.45,SHORT
2026-02-25 00:00:00,1,0.2313937395811081,0.7686062455177307,low,0.55,0.45,LONG
2026-02-25 04:00:00,1,0.12792493402957916,0.872075080871582,low,0.55,0.45,LONG
2026-02-25 08:00:00,1,0.1516149938106537,0.8483850359916687,low,0.55,0.45,LONG
2026-02-27 00:00:00,0,0.24599455296993256,0.754005491733551,mid,0.6,0.4,LONG
2026-02-27 04:00:00,0,0.23951034247875214,0.7604897022247314,low,0.55,0.45,LONG
2026-02-27 12:00:00,0,0.15906360745429993,0.8409364223480225,mid,0.6,0.4,LONG
2026-02-27 16:00:00,0,0.19324350357055664,0.8067564964294434,mid,0.6,0.4,LONG
2026-02-27 20:00:00,0,0.21230581402778625,0.7876942157745361,mid,0.6,0.4,LONG
2026-02-28 00:00:00,0,0.17237775027751923,0.8276222944259644,low,0.55,0.45,LONG
2026-02-28 04:00:00,1,0.12387657165527344,0.8761234879493713,mid,0.6,0.4,LONG
2026-02-28 08:00:00,1,0.11092077940702438,0.889079213142395,mid,0.6,0.4,LONG
2026-02-28 12:00:00,1,0.18295957148075104,0.8170404434204102,mid,0.6,0.4,LONG
2026-02-28 16:00:00,1,0.35880836844444275,0.6411916017532349,mid,0.6,0.4,LONG
2026-02-28 20:00:00,1,0.37811923027038574,0.6218807697296143,mid,0.6,0.4,LONG
2026-03-01 16:00:00,1,0.0959688052535057,0.9040312170982361,mid,0.6,0.4,LONG
2026-03-01 20:00:00,1,0.10488122701644897,0.895118772983551,mid,0.6,0.4,LONG
2026-03-02 00:00:00,1,0.10110833495855331,0.8988916873931885,mid,0.6,0.4,LONG
2026-03-02 04:00:00,1,0.09891016036272049,0.9010899066925049,mid,0.6,0.4,LONG
2026-03-02 08:00:00,1,0.09194428473711014,0.9080557227134705,mid,0.6,0.4,LONG
2026-03-03 00:00:00,0,0.19011299312114716,0.8098869919776917,mid,0.6,0.4,LONG
2026-03-03 08:00:00,1,0.11571858078241348,0.8842813968658447,mid,0.6,0.4,LONG
2026-03-03 12:00:00,1,0.12910303473472595,0.8708969354629517,mid,0.6,0.4,LONG
2026-03-03 16:00:00,1,0.1389944702386856,0.8610055446624756,mid,0.6,0.4,LONG
2026-03-03 20:00:00,1,0.14178943634033203,0.8582105040550232,mid,0.6,0.4,LONG
2026-03-04 00:00:00,1,0.15380547940731049,0.8461945056915283,mid,0.6,0.4,LONG
2026-03-04 04:00:00,1,0.35234522819519043,0.6476547122001648,mid,0.6,0.4,LONG
2026-03-05 04:00:00,1,0.2299126535654068,0.7700873613357544,mid,0.6,0.4,LONG
2026-03-05 08:00:00,0,0.15809588134288788,0.8419041037559509,mid,0.6,0.4,LONG
2026-03-05 20:00:00,0,0.1732015758752823,0.8267984986305237,mid,0.6,0.4,LONG
2026-03-06 00:00:00,0,0.19360491633415222,0.8063951134681702,mid,0.6,0.4,LONG
2026-03-06 04:00:00,0,0.2387319952249527,0.7612679600715637,mid,0.6,0.4,LONG
2026-03-06 08:00:00,0,0.15382742881774902,0.846172571182251,mid,0.6,0.4,LONG
2026-03-07 16:00:00,1,0.2284056693315506,0.7715943455696106,low,0.55,0.45,LONG
2026-03-08 00:00:00,1,0.1784624606370926,0.8215375542640686,low,0.55,0.45,LONG
2026-03-08 16:00:00,1,0.19290824234485626,0.8070917129516602,low,0.55,0.45,LONG
2026-03-08 20:00:00,1,0.18482239544391632,0.8151776194572449,low,0.55,0.45,LONG
2026-03-09 00:00:00,1,0.40907272696495056,0.590927243232727,low,0.55,0.45,LONG
2026-03-09 08:00:00,1,0.7801255583763123,0.21987448632717133,low,0.55,0.45,SHORT
2026-03-09 12:00:00,1,0.8865290284156799,0.11347094923257828,low,0.55,0.45,SHORT
2026-03-09 16:00:00,1,0.7411453127861023,0.2588547170162201,low,0.55,0.45,SHORT
2026-03-09 20:00:00,1,0.8113397359848022,0.18866023421287537,low,0.55,0.45,SHORT
2026-03-10 00:00:00,1,0.6173610687255859,0.38263899087905884,mid,0.6,0.4,SHORT
2026-03-10 08:00:00,1,0.2579214870929718,0.7420784831047058,low,0.55,0.45,LONG
2026-03-10 20:00:00,1,0.21400059759616852,0.7859993577003479,mid,0.6,0.4,LONG
2026-03-11 00:00:00,1,0.24777014553546906,0.7522298097610474,mid,0.6,0.4,LONG
2026-03-11 04:00:00,1,0.1835196614265442,0.8164803385734558,mid,0.6,0.4,LONG
2026-03-11 08:00:00,1,0.15213428437709808,0.8478657007217407,low,0.55,0.45,LONG
2026-03-11 12:00:00,1,0.2006942629814148,0.7993057370185852,mid,0.6,0.4,LONG
2026-03-12 00:00:00,1,0.24001039564609528,0.7599896192550659,mid,0.6,0.4,LONG
2026-03-12 08:00:00,1,0.30668050050735474,0.6933194994926453,low,0.55,0.45,LONG
2026-03-12 12:00:00,1,0.4002590775489807,0.5997408628463745,low,0.55,0.45,LONG
2026-03-12 16:00:00,1,0.3278263509273529,0.6721736788749695,low,0.55,0.45,LONG
2026-03-12 20:00:00,1,0.6761450171470642,0.3238549530506134,low,0.55,0.45,SHORT
2026-03-13 00:00:00,1,0.5991618037223816,0.400838166475296,low,0.55,0.45,SHORT
2026-03-13 04:00:00,1,0.20525358617305756,0.7947463989257812,low,0.55,0.45,LONG
2026-03-13 08:00:00,1,0.2768113911151886,0.723188579082489,low,0.55,0.45,LONG
2026-03-15 04:00:00,1,0.2557333707809448,0.7442666888237,low,0.55,0.45,LONG
2026-03-15 12:00:00,1,0.7159829139709473,0.28401708602905273,low,0.55,0.45,SHORT
2026-03-15 16:00:00,1,0.7171896696090698,0.28281036019325256,low,0.55,0.45,SHORT
2026-03-15 20:00:00,1,0.8708378672599792,0.12916214764118195,low,0.55,0.45,SHORT
2026-03-16 04:00:00,1,0.5622380971908569,0.43776193261146545,low,0.55,0.45,SHORT
2026-03-16 08:00:00,1,0.635332465171814,0.36466750502586365,low,0.55,0.45,SHORT
2026-03-16 12:00:00,1,0.6239369511604309,0.3760630786418915,low,0.55,0.45,SHORT
2026-03-16 16:00:00,1,0.7479605674743652,0.25203943252563477,low,0.55,0.45,SHORT
2026-03-18 04:00:00,0,0.5740108489990234,0.42598921060562134,low,0.55,0.45,SHORT
2026-03-18 08:00:00,0,0.6368758678436279,0.36312416195869446,low,0.55,0.45,SHORT
2026-03-19 00:00:00,0,0.6187689304351807,0.3812310993671417,low,0.55,0.45,SHORT
2026-03-19 16:00:00,1,0.6780306696891785,0.32196933031082153,low,0.55,0.45,SHORT
2026-03-19 20:00:00,1,0.6106581091880798,0.38934189081192017,low,0.55,0.45,SHORT
2026-03-21 04:00:00,0,0.6458511352539062,0.35414889454841614,low,0.55,0.45,SHORT
2026-03-21 08:00:00,0,0.7595111727714539,0.24048882722854614,low,0.55,0.45,SHORT
2026-03-21 12:00:00,0,0.728954553604126,0.2710454761981964,low,0.55,0.45,SHORT
2026-03-21 16:00:00,0,0.7867255210876465,0.2132744938135147,low,0.55,0.45,SHORT
2026-03-23 00:00:00,1,0.18495866656303406,0.8150413036346436,low,0.55,0.45,LONG
2026-03-23 04:00:00,1,0.40823858976364136,0.5917614698410034,low,0.55,0.45,LONG
2026-03-23 08:00:00,1,0.34092867374420166,0.6590712666511536,low,0.55,0.45,LONG
2026-03-24 04:00:00,0,0.6919360756874084,0.30806392431259155,low,0.55,0.45,SHORT
2026-03-24 08:00:00,0,0.7246543169021606,0.27534565329551697,low,0.55,0.45,SHORT
2026-03-24 16:00:00,1,0.4408940374851227,0.5591059923171997,low,0.55,0.45,LONG
2026-03-25 00:00:00,1,0.12058929353952408,0.8794106841087341,low,0.55,0.45,LONG
2026-03-25 04:00:00,1,0.2383863627910614,0.761613667011261,low,0.55,0.45,LONG
2026-03-25 20:00:00,0,0.3982672095298767,0.6017327904701233,low,0.55,0.45,LONG
2026-03-26 00:00:00,0,0.8387537002563477,0.16124629974365234,low,0.55,0.45,SHORT
2026-03-26 20:00:00,0,0.5754558444023132,0.42454415559768677,low,0.55,0.45,SHORT
2026-03-27 00:00:00,0,0.657421350479126,0.3425787091255188,low,0.55,0.45,SHORT
2026-03-27 04:00:00,0,0.8226847052574158,0.1773153394460678,low,0.55,0.45,SHORT
2026-03-28 00:00:00,1,0.35760846734046936,0.6423915028572083,low,0.55,0.45,LONG
2026-03-29 16:00:00,1,0.2948707342147827,0.7051292061805725,low,0.55,0.45,LONG
2026-03-29 20:00:00,1,0.194644495844841,0.8053554892539978,low,0.55,0.45,LONG
2026-03-30 16:00:00,1,0.39607998728752136,0.6039199829101562,low,0.55,0.45,LONG
2026-03-30 20:00:00,1,0.550689697265625,0.4493102729320526,low,0.55,0.45,SHORT
2026-03-31 04:00:00,1,0.33386456966400146,0.6661354899406433,low,0.55,0.45,LONG
2026-03-31 08:00:00,1,0.2762562036514282,0.7237437963485718,low,0.55,0.45,LONG
2026-03-31 12:00:00,1,0.2901037335395813,0.7098962664604187,low,0.55,0.45,LONG
2026-03-31 16:00:00,1,0.4254752993583679,0.5745247006416321,low,0.55,0.45,LONG
2026-03-31 20:00:00,1,0.4302344024181366,0.5697656273841858,low,0.55,0.45,LONG
2026-04-01 08:00:00,0,0.6233050227165222,0.3766949772834778,low,0.55,0.45,SHORT
2026-04-01 12:00:00,0,0.5545952320098877,0.4454047679901123,low,0.55,0.45,SHORT
2026-04-01 20:00:00,0,0.42142969369888306,0.5785703063011169,low,0.55,0.45,LONG
2026-04-02 08:00:00,1,0.36963963508605957,0.6303603649139404,low,0.55,0.45,LONG
2026-04-05 04:00:00,1,0.09876420348882675,0.9012357592582703,low,0.55,0.45,LONG
2026-04-05 08:00:00,1,0.09397781640291214,0.9060222506523132,low,0.55,0.45,LONG
2026-04-05 12:00:00,1,0.09426382929086685,0.9057362079620361,low,0.55,0.45,LONG
2026-04-05 16:00:00,1,0.08395080268383026,0.9160492420196533,low,0.55,0.45,LONG
2026-04-05 20:00:00,1,0.12303393334150314,0.8769659996032715,low,0.55,0.45,LONG
2026-04-06 00:00:00,1,0.3990904688835144,0.6009095311164856,low,0.55,0.45,LONG
2026-04-07 04:00:00,1,0.1190376803278923,0.8809623718261719,low,0.55,0.45,LONG
2026-04-07 08:00:00,1,0.10328023135662079,0.896719753742218,low,0.55,0.45,LONG
2026-04-07 12:00:00,1,0.10159719735383987,0.8984028100967407,low,0.55,0.45,LONG
2026-04-07 16:00:00,1,0.11303123086690903,0.886968731880188,low,0.55,0.45,LONG
2026-04-08 04:00:00,1,0.42468297481536865,0.5753170251846313,low,0.55,0.45,LONG
2026-04-08 20:00:00,1,0.421211838722229,0.578788161277771,low,0.55,0.45,LONG
2026-04-09 00:00:00,1,0.21876902878284454,0.7812309265136719,low,0.55,0.45,LONG
2026-04-09 04:00:00,1,0.33403104543685913,0.6659690141677856,low,0.55,0.45,LONG
2026-04-09 08:00:00,1,0.2662053406238556,0.7337946891784668,low,0.55,0.45,LONG
2026-04-10 00:00:00,1,0.5673428773880005,0.4326571524143219,low,0.55,0.45,SHORT
2026-04-10 04:00:00,1,0.14566108584403992,0.8543389439582825,low,0.55,0.45,LONG
2026-04-10 08:00:00,1,0.11445046216249466,0.8855495452880859,low,0.55,0.45,LONG
2026-04-11 16:00:00,0,0.30803483724594116,0.6919651627540588,low,0.55,0.45,LONG
2026-04-11 20:00:00,0,0.3786188066005707,0.6213812232017517,low,0.55,0.45,LONG
2026-04-12 20:00:00,1,0.8162927627563477,0.18370729684829712,low,0.55,0.45,SHORT
2026-04-13 00:00:00,1,0.11988509446382523,0.8801149725914001,low,0.55,0.45,LONG
2026-04-13 04:00:00,1,0.11472561955451965,0.8852744102478027,low,0.55,0.45,LONG
2026-04-13 08:00:00,1,0.14173676073551178,0.8582631945610046,low,0.55,0.45,LONG
2026-04-13 12:00:00,1,0.14210975170135498,0.857890248298645,low,0.55,0.45,LONG
2026-04-13 16:00:00,1,0.23539401590824127,0.7646059393882751,low,0.55,0.45,LONG
2026-04-13 20:00:00,1,0.3917843699455261,0.6082155704498291,low,0.55,0.45,LONG
2026-04-14 00:00:00,1,0.3741978108882904,0.625802218914032,low,0.55,0.45,LONG
2026-04-14 04:00:00,1,0.42625895142555237,0.5737410187721252,low,0.55,0.45,LONG
2026-04-14 08:00:00,1,0.3870401978492737,0.6129597425460815,low,0.55,0.45,LONG
2026-04-15 04:00:00,1,0.1570555865764618,0.8429444432258606,low,0.55,0.45,LONG
2026-04-15 08:00:00,1,0.10165522247552872,0.8983448147773743,low,0.55,0.45,LONG
2026-04-15 12:00:00,1,0.21655502915382385,0.7834449410438538,low,0.55,0.45,LONG
2026-04-17 00:00:00,1,0.19922487437725067,0.8007751107215881,low,0.55,0.45,LONG
2026-04-17 04:00:00,1,0.13263647258281708,0.8673635721206665,low,0.55,0.45,LONG
2026-04-17 08:00:00,1,0.12486471980810165,0.8751352429389954,low,0.55,0.45,LONG
2026-04-19 20:00:00,1,0.7534396648406982,0.24656035006046295,low,0.55,0.45,SHORT
2026-04-20 00:00:00,1,0.6278759241104126,0.3721240758895874,low,0.55,0.45,SHORT
2026-04-20 04:00:00,1,0.21923893690109253,0.7807610630989075,low,0.55,0.45,LONG
2026-04-20 08:00:00,1,0.20617392659187317,0.7938261032104492,low,0.55,0.45,LONG
2026-04-21 00:00:00,1,0.3728197515010834,0.6271802186965942,low,0.55,0.45,LONG
2026-04-21 08:00:00,1,0.38146063685417175,0.6185393929481506,low,0.55,0.45,LONG
2026-04-21 12:00:00,1,0.16144627332687378,0.8385537266731262,low,0.55,0.45,LONG
2026-04-21 16:00:00,1,0.12839344143867493,0.8716065287590027,low,0.55,0.45,LONG
2026-04-21 20:00:00,1,0.31041067838668823,0.6895893216133118,low,0.55,0.45,LONG
2026-04-22 00:00:00,1,0.27404505014419556,0.7259550094604492,low,0.55,0.45,LONG
2026-04-22 04:00:00,1,0.2625071108341217,0.7374928593635559,low,0.55,0.45,LONG
2026-04-26 12:00:00,1,0.7162082195281982,0.28379178047180176,low,0.55,0.45,SHORT
2026-04-26 16:00:00,1,0.3226552903652191,0.6773446798324585,low,0.55,0.45,LONG
2026-04-27 00:00:00,0,0.9087148904800415,0.09128515422344208,low,0.55,0.45,SHORT
2026-04-28 12:00:00,1,0.7626270651817322,0.23737290501594543,low,0.55,0.45,SHORT
2026-04-28 20:00:00,1,0.758816123008728,0.24118390679359436,low,0.55,0.45,SHORT
2026-04-29 08:00:00,0,0.7397584915161133,0.2602415680885315,low,0.55,0.45,SHORT
2026-04-30 08:00:00,1,0.1385403722524643,0.8614596724510193,low,0.55,0.45,LONG
2026-04-30 16:00:00,1,0.35069581866264343,0.6493041515350342,low,0.55,0.45,LONG
2026-04-30 20:00:00,1,0.4052702486515045,0.5947297811508179,low,0.55,0.45,LONG
2026-05-01 00:00:00,1,0.18803110718727112,0.8119688630104065,low,0.55,0.45,LONG
2026-05-01 04:00:00,1,0.13657642900943756,0.8634235858917236,low,0.55,0.45,LONG
2026-05-01 08:00:00,1,0.36398079991340637,0.636019229888916,low,0.55,0.45,LONG
2026-05-03 12:00:00,1,0.24796974658966064,0.7520302534103394,low,0.55,0.45,LONG
2026-05-03 16:00:00,1,0.2803466022014618,0.7196533679962158,low,0.55,0.45,LONG
2026-05-03 20:00:00,1,0.2937328815460205,0.7062671184539795,low,0.55,0.45,LONG
2026-05-04 08:00:00,1,0.3132137954235077,0.6867862343788147,low,0.55,0.45,LONG
2026-05-04 12:00:00,1,0.40150541067123413,0.5984945893287659,low,0.55,0.45,LONG
2026-05-04 20:00:00,1,0.4182286560535431,0.5817713737487793,low,0.55,0.45,LONG
2026-05-05 16:00:00,1,0.7255039215087891,0.27449604868888855,low,0.55,0.45,SHORT
2026-05-05 20:00:00,1,0.44878295063972473,0.5512170791625977,low,0.55,0.45,LONG
2026-05-06 04:00:00,1,0.34086328744888306,0.6591367125511169,low,0.55,0.45,LONG
2026-05-10 04:00:00,1,0.1415194422006607,0.8584805727005005,low,0.55,0.45,LONG
2026-05-10 08:00:00,1,0.13128826022148132,0.8687117099761963,low,0.55,0.45,LONG
2026-05-13 00:00:00,0,0.8949604034423828,0.1050395593047142,low,0.55,0.45,SHORT
2026-05-13 20:00:00,1,0.697134256362915,0.30286577343940735,low,0.55,0.45,SHORT
2026-05-14 00:00:00,1,0.12899336218833923,0.8710066676139832,low,0.55,0.45,LONG
2026-05-14 04:00:00,1,0.1926121562719345,0.8073878288269043,low,0.55,0.45,LONG
2026-05-14 08:00:00,1,0.1814635992050171,0.8185364007949829,low,0.55,0.45,LONG
2026-05-22 12:00:00,0,0.8890000581741333,0.11100000143051147,low,0.55,0.45,SHORT
2026-05-23 04:00:00,1,0.1320214569568634,0.8679785132408142,low,0.55,0.45,LONG
2026-05-23 08:00:00,1,0.1587252914905548,0.8412746787071228,low,0.55,0.45,LONG
2026-05-23 12:00:00,1,0.20593136548995972,0.7940686345100403,low,0.55,0.45,LONG
2026-05-23 16:00:00,1,0.38462942838668823,0.6153705716133118,low,0.55,0.45,LONG
2026-05-24 12:00:00,1,0.2699194848537445,0.7300805449485779,low,0.55,0.45,LONG
2026-05-27 08:00:00,0,0.7122380137443542,0.28776201605796814,low,0.55,0.45,SHORT
2026-05-27 12:00:00,0,0.8801892995834351,0.11981074512004852,low,0.55,0.45,SHORT
2026-05-27 16:00:00,0,0.8012311458587646,0.19876891374588013,low,0.55,0.45,SHORT
2026-05-29 00:00:00,1,0.25906693935394287,0.7409330606460571,low,0.55,0.45,LONG
2026-05-31 20:00:00,0,0.15925046801567078,0.8407495617866516,low,0.55,0.45,LONG
2026-06-01 00:00:00,0,0.0961751639842987,0.9038248658180237,low,0.55,0.45,LONG
2026-06-01 08:00:00,0,0.10540513694286346,0.8945948481559753,low,0.55,0.45,LONG
2026-06-01 16:00:00,0,0.1667247712612152,0.8332752585411072,low,0.55,0.45,LONG
2026-06-01 20:00:00,0,0.3962934613227844,0.6037064790725708,low,0.55,0.45,LONG
2026-06-02 00:00:00,0,0.6374095678329468,0.362590491771698,low,0.55,0.45,SHORT
2026-06-02 04:00:00,0,0.6706799268722534,0.32932013273239136,low,0.55,0.45,SHORT
2026-06-02 08:00:00,0,0.7855525016784668,0.2144475281238556,low,0.55,0.45,SHORT
2026-06-03 08:00:00,0,0.7297911047935486,0.27020886540412903,low,0.55,0.45,SHORT
2026-06-03 20:00:00,0,0.24262645840644836,0.757373571395874,mid,0.6,0.4,LONG
2026-06-04 00:00:00,0,0.7034897208213806,0.2965102791786194,mid,0.6,0.4,SHORT
2026-06-04 08:00:00,1,0.7138224840164185,0.28617748618125916,mid,0.6,0.4,SHORT
2026-06-04 12:00:00,0,0.6712364554405212,0.32876351475715637,mid,0.6,0.4,SHORT
2026-06-04 16:00:00,0,0.7825369834899902,0.21746300160884857,mid,0.6,0.4,SHORT
2026-06-04 20:00:00,0,0.7882061004638672,0.211793914437294,mid,0.6,0.4,SHORT
2026-06-05 00:00:00,1,0.8011817932128906,0.19881819188594818,mid,0.6,0.4,SHORT
2026-06-05 04:00:00,0,0.8372255563735962,0.16277442872524261,mid,0.6,0.4,SHORT
2026-06-05 08:00:00,0,0.8414433002471924,0.15855669975280762,mid,0.6,0.4,SHORT
2026-06-06 16:00:00,1,0.617640495300293,0.38235950469970703,mid,0.6,0.4,SHORT
2026-06-06 20:00:00,1,0.7119589447975159,0.28804102540016174,mid,0.6,0.4,SHORT
2026-06-07 00:00:00,1,0.3726233243942261,0.6273766756057739,mid,0.6,0.4,LONG
2026-06-07 04:00:00,1,0.1476886123418808,0.852311372756958,mid,0.6,0.4,LONG
2026-06-07 12:00:00,1,0.33462217450141907,0.6653777956962585,mid,0.6,0.4,LONG
2026-06-07 16:00:00,1,0.290161669254303,0.709838330745697,mid,0.6,0.4,LONG
2026-06-08 00:00:00,1,0.6542782187461853,0.3457217812538147,mid,0.6,0.4,SHORT
2026-06-09 00:00:00,0,0.6290830969810486,0.3709169328212738,mid,0.6,0.4,SHORT
2026-06-09 04:00:00,0,0.8001629710197449,0.19983696937561035,mid,0.6,0.4,SHORT
2026-06-09 08:00:00,0,0.8389744162559509,0.16102559864521027,mid,0.6,0.4,SHORT
2026-06-09 12:00:00,1,0.21524640917778015,0.7847536206245422,mid,0.6,0.4,LONG
2026-06-10 00:00:00,1,0.3832915723323822,0.6167084574699402,mid,0.6,0.4,LONG
2026-06-10 04:00:00,1,0.1949208378791809,0.8050792217254639,mid,0.6,0.4,LONG
2026-06-10 08:00:00,1,0.2929387390613556,0.707061231136322,mid,0.6,0.4,LONG
