timestamp,true_label,prob_short,prob_long,vol_regime,signal
2024-11-10 00:00:00,1,0.1535307615995407,0.8464692234992981,low,LONG
2024-11-10 04:00:00,1,0.2441185712814331,0.7558814287185669,low,LONG
2024-11-10 20:00:00,1,0.3541945517063141,0.6458054184913635,low,LONG
2024-11-11 00:00:00,1,0.26943105459213257,0.7305689454078674,low,LONG
2024-11-11 04:00:00,1,0.12082643061876297,0.8791735172271729,low,LONG
2024-11-11 08:00:00,1,0.07400412857532501,0.9259958863258362,low,LONG
2024-11-11 12:00:00,1,0.06774373352527618,0.932256281375885,low,LONG
2024-11-11 16:00:00,1,0.1762051284313202,0.8237948417663574,low,LONG
2024-11-11 20:00:00,0,0.5104156732559204,0.4895842969417572,mid,NEUTRAL
2024-11-12 04:00:00,0,0.6799536943435669,0.3200463354587555,mid,SHORT
2024-11-12 12:00:00,1,0.6077241897583008,0.3922758400440216,mid,SHORT
2024-11-13 00:00:00,1,0.2785968780517578,0.7214031219482422,mid,LONG
2024-11-13 04:00:00,1,0.1812913417816162,0.818708598613739,mid,LONG
2024-11-13 08:00:00,1,0.19462378323078156,0.8053762316703796,mid,LONG
2024-11-13 12:00:00,0,0.6383130550384521,0.36168691515922546,mid,SHORT
2024-11-14 04:00:00,0,0.8025522232055664,0.19744783639907837,mid,SHORT
2024-11-14 08:00:00,0,0.8777691721916199,0.12223081290721893,mid,SHORT
2024-11-14 16:00:00,0,0.7068140506744385,0.29318591952323914,mid,SHORT
2024-11-14 20:00:00,1,0.5377944707870483,0.46220552921295166,high,NEUTRAL
2024-11-15 04:00:00,1,0.17832399904727936,0.8216760158538818,mid,LONG
2024-11-15 12:00:00,1,0.10963980108499527,0.8903602361679077,mid,LONG
2024-11-17 20:00:00,1,0.5680954456329346,0.43190455436706543,low,SHORT
2024-11-20 00:00:00,1,0.4998736083507538,0.5001264214515686,low,NEUTRAL
2024-11-20 16:00:00,1,0.42155593633651733,0.5784440636634827,low,LONG
2024-11-20 20:00:00,1,0.5734832286834717,0.4265167713165283,low,SHORT
2024-11-21 00:00:00,1,0.5131693482398987,0.48683062195777893,low,NEUTRAL
2024-11-24 20:00:00,0,0.49736419320106506,0.5026358366012573,low,NEUTRAL
2024-11-25 00:00:00,0,0.8519483208656311,0.1480516642332077,low,SHORT
2024-11-25 04:00:00,0,0.8970563411712646,0.10294366627931595,low,SHORT
2024-11-25 08:00:00,0,0.9048056602478027,0.09519430249929428,low,SHORT
2024-11-25 12:00:00,0,0.7822349667549133,0.2177649885416031,low,SHORT
2024-11-25 16:00:00,0,0.7138248085975647,0.2861751317977905,low,SHORT
2024-11-26 00:00:00,0,0.5689513087272644,0.4310486912727356,low,SHORT
2024-11-26 04:00:00,0,0.5020788311958313,0.4979211688041687,low,NEUTRAL
2024-11-26 20:00:00,1,0.4679591953754425,0.5320407748222351,mid,NEUTRAL
2024-11-27 00:00:00,1,0.13185636699199677,0.868143618106842,low,LONG
2024-11-27 04:00:00,1,0.10517241060733795,0.8948276042938232,low,LONG
2024-11-27 08:00:00,1,0.07970303297042847,0.9202969670295715,low,LONG
2024-11-28 20:00:00,1,0.4108915627002716,0.589108407497406,low,LONG
2024-11-29 04:00:00,1,0.0750918760895729,0.9249081611633301,low,LONG
2024-12-04 12:00:00,1,0.07045693695545197,0.9295430183410645,low,LONG
2024-12-04 16:00:00,1,0.24912454187870026,0.7508754730224609,low,LONG
2024-12-04 20:00:00,1,0.3985094428062439,0.6014904975891113,low,LONG
2024-12-05 00:00:00,0,0.8376772403717041,0.1623227745294571,low,SHORT
2024-12-05 04:00:00,0,0.7314149737358093,0.2685850262641907,low,SHORT
2024-12-05 08:00:00,0,0.6876220703125,0.3123779296875,low,SHORT
2024-12-05 12:00:00,0,0.6490488648414612,0.3509511351585388,low,SHORT
2024-12-05 16:00:00,0,0.5350705981254578,0.4649294316768646,mid,NEUTRAL
2024-12-06 00:00:00,1,0.3082404136657715,0.6917595863342285,mid,LONG
2024-12-06 04:00:00,1,0.19348011910915375,0.8065199255943298,mid,LONG
2024-12-06 08:00:00,1,0.11168844252824783,0.8883116245269775,mid,LONG
2024-12-08 20:00:00,0,0.6159712672233582,0.38402870297431946,low,SHORT
2024-12-09 04:00:00,0,0.8663855195045471,0.1336144208908081,low,SHORT
2024-12-09 12:00:00,0,0.7017289996147156,0.2982710301876068,low,SHORT
2024-12-09 16:00:00,0,0.518865704536438,0.48113423585891724,low,NEUTRAL
2024-12-10 04:00:00,0,0.5171447396278381,0.48285529017448425,mid,NEUTRAL
2024-12-10 08:00:00,0,0.7318199872970581,0.26818007230758667,low,SHORT
2024-12-10 20:00:00,1,0.6259316205978394,0.37406840920448303,mid,SHORT
2024-12-11 00:00:00,1,0.26387444138526917,0.7361255884170532,mid,LONG
2024-12-11 04:00:00,1,0.1987895369529724,0.8012104630470276,low,LONG
2024-12-11 08:00:00,1,0.12502482533454895,0.8749752044677734,low,LONG
2024-12-15 04:00:00,1,0.13428452610969543,0.8657154440879822,low,LONG
2024-12-15 08:00:00,1,0.12862949073314667,0.8713704943656921,low,LONG
2024-12-15 12:00:00,1,0.0857212021946907,0.9142788648605347,low,LONG
2024-12-15 16:00:00,1,0.37689951062202454,0.6231005191802979,low,LONG
2024-12-16 00:00:00,1,0.6657175421714783,0.33428242802619934,low,SHORT
2024-12-16 08:00:00,1,0.30721697211265564,0.6927830576896667,low,LONG
2024-12-17 12:00:00,0,0.599253237247467,0.40074676275253296,low,SHORT
2024-12-17 16:00:00,0,0.5862159132957458,0.41378408670425415,low,SHORT
2024-12-18 04:00:00,0,0.899176299571991,0.10082370787858963,low,SHORT
2024-12-18 08:00:00,0,0.904830813407898,0.09516914933919907,low,SHORT
2024-12-18 12:00:00,0,0.8691706657409668,0.13082927465438843,low,SHORT
2024-12-18 16:00:00,0,0.868005633354187,0.13199429214000702,low,SHORT
2024-12-19 04:00:00,0,0.7586966156959534,0.24130336940288544,low,SHORT
2024-12-19 08:00:00,0,0.8782455325126648,0.12175443768501282,low,SHORT
2024-12-19 12:00:00,0,0.8856465816497803,0.11435344070196152,low,SHORT
2024-12-19 16:00:00,0,0.472544401884079,0.5274555683135986,mid,NEUTRAL
2024-12-19 20:00:00,0,0.4610477387905121,0.5389522910118103,mid,NEUTRAL
2024-12-20 00:00:00,0,0.6757556796073914,0.32424429059028625,mid,SHORT
2024-12-20 04:00:00,0,0.7683382034301758,0.2316618412733078,mid,SHORT
2024-12-20 08:00:00,1,0.2735380232334137,0.7264619469642639,mid,LONG
2024-12-22 08:00:00,0,0.8643162846565247,0.13568374514579773,mid,SHORT
2024-12-23 00:00:00,0,0.7164907455444336,0.283509224653244,mid,SHORT
2024-12-23 04:00:00,0,0.5258432626724243,0.4741567075252533,mid,NEUTRAL
2024-12-23 08:00:00,0,0.6984279751777649,0.3015720546245575,mid,SHORT
2024-12-23 20:00:00,1,0.5043429136276245,0.4956570565700531,mid,NEUTRAL
2024-12-24 00:00:00,1,0.14090915024280548,0.8590908646583557,mid,LONG
2024-12-24 04:00:00,1,0.13227355480194092,0.8677263855934143,mid,LONG
2024-12-24 08:00:00,1,0.08902337402105331,0.9109766483306885,mid,LONG
2024-12-25 16:00:00,0,0.48200878500938416,0.5179912447929382,low,NEUTRAL
2024-12-25 20:00:00,0,0.5010327100753784,0.49896731972694397,low,NEUTRAL
2024-12-26 00:00:00,0,0.8374761343002319,0.16252391040325165,low,SHORT
2024-12-27 00:00:00,0,0.6096305847167969,0.3903694450855255,low,SHORT
2024-12-27 08:00:00,0,0.8412706255912781,0.15872935950756073,low,SHORT
2024-12-30 12:00:00,1,0.32944831252098083,0.6705516576766968,low,LONG
2024-12-30 20:00:00,1,0.560149073600769,0.43985095620155334,low,SHORT
2024-12-31 00:00:00,1,0.47339895367622375,0.5266010165214539,low,NEUTRAL
2024-12-31 04:00:00,1,0.43793630599975586,0.5620637536048889,low,LONG
2025-01-01 20:00:00,1,0.694223940372467,0.30577602982521057,low,SHORT
2025-01-05 20:00:00,1,0.560591995716095,0.43940800428390503,low,SHORT
2025-01-06 00:00:00,1,0.17098261415958405,0.8290174007415771,low,LONG
2025-01-06 04:00:00,1,0.18805383145809174,0.8119461536407471,low,LONG
2025-01-06 08:00:00,1,0.06959754973649979,0.9304024577140808,low,LONG
2025-01-06 20:00:00,0,0.5213450193405151,0.47865498065948486,low,NEUTRAL
2025-01-07 00:00:00,0,0.8757817149162292,0.12421824038028717,low,SHORT
2025-01-07 04:00:00,0,0.7805482745170593,0.21945172548294067,low,SHORT
2025-01-07 08:00:00,0,0.8339775204658508,0.16602249443531036,low,SHORT
2025-01-08 00:00:00,0,0.7446628212928772,0.2553372085094452,low,SHORT
2025-01-08 04:00:00,0,0.713753342628479,0.286246657371521,low,SHORT
2025-01-08 12:00:00,0,0.5435959696769714,0.45640406012535095,low,NEUTRAL
2025-01-08 20:00:00,0,0.5485628247261047,0.45143723487854004,low,NEUTRAL
2025-01-09 12:00:00,0,0.6702873110771179,0.3297126591205597,low,SHORT
2025-01-09 16:00:00,1,0.49004557728767395,0.5099544525146484,low,NEUTRAL
2025-01-10 08:00:00,0,0.35877111554145813,0.6412289142608643,low,LONG
2025-01-12 16:00:00,0,0.5498265027999878,0.450173556804657,low,NEUTRAL
2025-01-12 20:00:00,0,0.7030782699584961,0.2969217598438263,low,SHORT
2025-01-13 00:00:00,0,0.8492358326911926,0.15076415240764618,low,SHORT
2025-01-13 04:00:00,0,0.6668203473091125,0.33317962288856506,low,SHORT
2025-01-13 12:00:00,1,0.3005272150039673,0.6994727849960327,low,LONG
2025-01-13 16:00:00,1,0.3188799023628235,0.6811200380325317,low,LONG
2025-01-14 20:00:00,1,0.3966272175312042,0.6033727526664734,low,LONG
2025-01-15 04:00:00,1,0.09545089304447174,0.9045490622520447,low,LONG
2025-01-15 08:00:00,1,0.0554414801299572,0.9445585012435913,low,LONG
2025-01-15 20:00:00,0,0.24531255662441254,0.7546874284744263,low,LONG
2025-01-16 20:00:00,1,0.4880357086658478,0.5119642615318298,low,NEUTRAL
2025-01-17 00:00:00,1,0.13827741146087646,0.8617226481437683,low,LONG
2025-01-17 04:00:00,1,0.08896782249212265,0.9110321998596191,low,LONG
2025-01-17 08:00:00,1,0.07225421816110611,0.9277458190917969,low,LONG
2025-01-17 16:00:00,0,0.6562506556510925,0.3437493145465851,low,SHORT
2025-01-19 04:00:00,0,0.7999957203865051,0.20000427961349487,low,SHORT
2025-01-19 12:00:00,0,0.7692986726760864,0.2307012975215912,low,SHORT
2025-01-19 16:00:00,0,0.8161258101463318,0.1838741898536682,low,SHORT
2025-01-20 00:00:00,1,0.2756575644016266,0.724342405796051,mid,LONG
2025-01-20 08:00:00,0,0.5550971627235413,0.44490283727645874,mid,NEUTRAL
2025-01-20 16:00:00,0,0.3930298984050751,0.6069700717926025,high,NEUTRAL
2025-01-21 04:00:00,1,0.2421334981918335,0.7578665018081665,high,LONG
2025-01-21 08:00:00,1,0.12787288427352905,0.872127115726471,high,LONG
2025-01-21 12:00:00,1,0.09459003061056137,0.9054099917411804,high,LONG
2025-01-22 16:00:00,0,0.5143323540687561,0.48566770553588867,mid,NEUTRAL
2025-01-23 00:00:00,1,0.2683367431163788,0.7316632866859436,mid,LONG
2025-01-23 04:00:00,1,0.2806782126426697,0.7193217277526855,mid,LONG
2025-01-23 08:00:00,1,0.09838251769542694,0.9016175270080566,mid,LONG
2025-01-24 00:00:00,1,0.4057272970676422,0.5942726731300354,mid,NEUTRAL
2025-01-26 08:00:00,0,0.9129112362861633,0.08708874136209488,low,SHORT
2025-01-26 12:00:00,0,0.9183579087257385,0.08164209127426147,low,SHORT
2025-01-26 16:00:00,0,0.913122296333313,0.08687766641378403,low,SHORT
2025-01-26 20:00:00,0,0.46882355213165283,0.5311764478683472,low,NEUTRAL
2025-01-27 00:00:00,0,0.5959755778312683,0.4040244519710541,low,SHORT
2025-01-27 04:00:00,1,0.5964025259017944,0.4035974442958832,low,SHORT
2025-01-27 08:00:00,1,0.4004007875919342,0.5995992422103882,low,LONG
2025-01-27 16:00:00,1,0.3637697994709015,0.6362302303314209,low,LONG
2025-01-29 12:00:00,1,0.11982307583093643,0.8801769018173218,low,LONG
2025-01-31 08:00:00,0,0.8662571310997009,0.13374288380146027,low,SHORT
2025-01-31 12:00:00,0,0.912107527256012,0.08789253234863281,low,SHORT
2025-02-02 04:00:00,0,0.6414268016815186,0.35857322812080383,low,SHORT
2025-02-02 08:00:00,0,0.5849571824073792,0.41504278779029846,low,SHORT
2025-02-02 12:00:00,0,0.672005832195282,0.32799413800239563,low,SHORT
2025-02-02 16:00:00,0,0.5737622976303101,0.42623770236968994,low,SHORT
2025-02-02 20:00:00,0,0.5711754560470581,0.4288245439529419,low,SHORT
2025-02-03 00:00:00,1,0.31545159220695496,0.6845483779907227,mid,LONG
2025-02-03 04:00:00,1,0.42645928263664246,0.5735407471656799,mid,NEUTRAL
2025-02-03 08:00:00,1,0.28476086258888245,0.7152391672134399,mid,LONG
2025-02-03 12:00:00,1,0.47721341252326965,0.5227866172790527,mid,NEUTRAL
2025-02-03 16:00:00,0,0.5830482840538025,0.4169517159461975,mid,NEUTRAL
2025-02-03 20:00:00,0,0.5719190835952759,0.4280809760093689,mid,NEUTRAL
2025-02-04 12:00:00,0,0.6744939684867859,0.3255060017108917,mid,SHORT
2025-02-06 08:00:00,0,0.7110399603843689,0.2889600396156311,low,SHORT
2025-02-06 20:00:00,1,0.4655860960483551,0.5344138741493225,low,NEUTRAL
2025-02-07 04:00:00,1,0.4929378926753998,0.5070621371269226,low,NEUTRAL
2025-02-11 04:00:00,0,0.7999455332756042,0.20005445182323456,low,SHORT
2025-02-11 08:00:00,0,0.8625938892364502,0.13740618526935577,low,SHORT
2025-02-21 04:00:00,0,0.8814561367034912,0.11854387819766998,low,SHORT
2025-02-21 08:00:00,0,0.8747299909591675,0.12527000904083252,low,SHORT
2025-02-21 12:00:00,0,0.7838937044143677,0.21610628068447113,low,SHORT
2025-02-24 04:00:00,0,0.8887847065925598,0.11121531575918198,low,SHORT
2025-02-24 08:00:00,0,0.9106021523475647,0.08939791470766068,low,SHORT
2025-02-24 12:00:00,0,0.8411381244659424,0.1588619351387024,low,SHORT
2025-02-24 16:00:00,0,0.801257312297821,0.19874271750450134,low,SHORT
2025-02-24 20:00:00,0,0.5893921256065369,0.41060784459114075,low,SHORT
2025-02-25 00:00:00,0,0.7578824162483215,0.24211761355400085,low,SHORT
2025-02-25 04:00:00,0,0.6529763340950012,0.3470236361026764,low,SHORT
2025-02-25 08:00:00,0,0.5697416067123413,0.4302583932876587,low,SHORT
2025-02-25 20:00:00,0,0.6489612460136414,0.35103875398635864,mid,SHORT
2025-02-26 00:00:00,0,0.7170115113258362,0.2829884886741638,mid,SHORT
2025-02-26 04:00:00,0,0.761846661567688,0.238153338432312,low,SHORT
2025-02-26 08:00:00,0,0.7711535096168518,0.22884652018547058,low,SHORT
2025-02-26 12:00:00,0,0.7650205492973328,0.23497946560382843,mid,SHORT
2025-02-26 20:00:00,1,0.5247732400894165,0.47522681951522827,mid,NEUTRAL
2025-02-27 04:00:00,0,0.5000069737434387,0.4999929964542389,mid,NEUTRAL
2025-02-27 08:00:00,0,0.6162398457527161,0.38376015424728394,mid,SHORT
2025-02-27 12:00:00,0,0.5181584358215332,0.4818415641784668,mid,NEUTRAL
2025-02-27 16:00:00,0,0.39324307441711426,0.606756865978241,mid,LONG
2025-02-27 20:00:00,0,0.46946799755096436,0.5305320024490356,mid,NEUTRAL
2025-02-28 04:00:00,1,0.565281093120575,0.43471890687942505,high,NEUTRAL
2025-02-28 08:00:00,1,0.5189316272735596,0.48106837272644043,high,NEUTRAL
2025-02-28 12:00:00,1,0.5976551175117493,0.4023449122905731,high,NEUTRAL
2025-03-01 20:00:00,1,0.5025669932365417,0.49743297696113586,mid,NEUTRAL
2025-03-02 00:00:00,1,0.14066585898399353,0.8593341708183289,mid,LONG
2025-03-02 04:00:00,1,0.1046028733253479,0.8953971862792969,mid,LONG
2025-03-02 08:00:00,1,0.07181919366121292,0.9281808733940125,mid,LONG
2025-03-02 12:00:00,1,0.05746181681752205,0.9425382018089294,mid,LONG
2025-03-02 20:00:00,0,0.40137621760368347,0.5986237525939941,mid,NEUTRAL
2025-03-03 00:00:00,0,0.6634935736656189,0.3365064263343811,mid,SHORT
2025-03-03 04:00:00,0,0.7338742017745972,0.2661258280277252,mid,SHORT
2025-03-03 08:00:00,0,0.7273209691047668,0.27267903089523315,mid,SHORT
2025-03-03 12:00:00,0,0.5609778165817261,0.43902212381362915,mid,NEUTRAL
2025-03-03 20:00:00,0,0.38400742411613464,0.6159926056861877,high,NEUTRAL
2025-03-04 12:00:00,1,0.15787172317504883,0.8421282768249512,high,LONG
2025-03-04 20:00:00,1,0.5064642429351807,0.4935357868671417,high,NEUTRAL
2025-03-05 00:00:00,1,0.301325261592865,0.698674738407135,high,NEUTRAL
2025-03-05 04:00:00,1,0.23765809834003448,0.7623418569564819,high,LONG
2025-03-05 12:00:00,1,0.3195669949054718,0.6804329752922058,high,NEUTRAL
2025-03-05 16:00:00,1,0.47865572571754456,0.5213442444801331,high,NEUTRAL
2025-03-06 00:00:00,0,0.6044249534606934,0.39557504653930664,high,NEUTRAL
2025-03-06 04:00:00,0,0.6733540296554565,0.32664597034454346,high,NEUTRAL
2025-03-06 08:00:00,0,0.6768018007278442,0.323198139667511,mid,SHORT
2025-03-06 12:00:00,0,0.6537390351295471,0.3462609350681305,high,NEUTRAL
2025-03-07 00:00:00,1,0.43101298809051514,0.5689870119094849,high,NEUTRAL
2025-03-07 04:00:00,1,0.6233822703361511,0.37661775946617126,high,NEUTRAL
2025-03-07 12:00:00,0,0.8683047294616699,0.13169525563716888,high,SHORT
2025-03-08 20:00:00,0,0.685991644859314,0.31400829553604126,mid,SHORT
2025-03-09 00:00:00,0,0.8784366846084595,0.12156329303979874,mid,SHORT
2025-03-09 04:00:00,0,0.9013795852661133,0.09862043708562851,mid,SHORT
2025-03-09 08:00:00,0,0.8482524752616882,0.151747465133667,mid,SHORT
2025-03-09 12:00:00,0,0.7148974537849426,0.2851025462150574,mid,SHORT
2025-03-09 16:00:00,0,0.6965935826301575,0.30340641736984253,mid,SHORT
2025-03-09 20:00:00,1,0.524114727973938,0.4758853018283844,mid,NEUTRAL
2025-03-10 08:00:00,0,0.8140723705291748,0.1859275996685028,mid,SHORT
2025-03-10 12:00:00,0,0.5763818025588989,0.4236181676387787,high,NEUTRAL
2025-03-10 16:00:00,0,0.4980732500553131,0.5019267797470093,high,NEUTRAL
2025-03-11 00:00:00,1,0.44675782322883606,0.5532421469688416,high,NEUTRAL
2025-03-11 08:00:00,0,0.47441956400871277,0.5255804061889648,high,NEUTRAL
2025-03-11 12:00:00,1,0.36680129170417786,0.6331987380981445,high,NEUTRAL
2025-03-12 12:00:00,1,0.30737295746803284,0.6926270127296448,high,NEUTRAL
2025-03-12 20:00:00,0,0.5164969563484192,0.4835030138492584,mid,NEUTRAL
2025-03-13 00:00:00,0,0.6989195942878723,0.3010803461074829,mid,SHORT
2025-03-13 04:00:00,0,0.7478616237640381,0.2521384358406067,mid,SHORT
2025-03-13 08:00:00,0,0.6865407228469849,0.3134593069553375,mid,SHORT
2025-03-13 16:00:00,1,0.45057833194732666,0.5494217276573181,mid,NEUTRAL
2025-03-13 20:00:00,1,0.5281996726989746,0.4718003571033478,mid,NEUTRAL
2025-03-14 00:00:00,1,0.23147426545619965,0.7685257196426392,mid,LONG
2025-03-14 04:00:00,1,0.1509944349527359,0.8490055799484253,mid,LONG
2025-03-16 08:00:00,1,0.5410488247871399,0.4589511454105377,low,NEUTRAL
2025-03-17 20:00:00,0,0.5546880960464478,0.44531190395355225,low,SHORT
2025-03-19 00:00:00,1,0.12826059758663177,0.871739387512207,low,LONG
2025-03-19 04:00:00,1,0.0947423055768013,0.9052577614784241,low,LONG
2025-03-19 08:00:00,1,0.06869691610336304,0.931303083896637,low,LONG
2025-03-19 12:00:00,1,0.06694246828556061,0.9330575466156006,low,LONG
2025-03-23 16:00:00,1,0.18776226043701172,0.8122377395629883,low,LONG
2025-03-23 20:00:00,1,0.6489059925079346,0.35109394788742065,low,SHORT
2025-03-27 20:00:00,0,0.4967458248138428,0.5032541751861572,low,NEUTRAL
2025-03-28 00:00:00,0,0.887373685836792,0.11262629926204681,low,SHORT
2025-03-31 20:00:00,1,0.4685867130756378,0.5314132571220398,low,NEUTRAL
2025-04-01 00:00:00,1,0.19781731069087982,0.802182674407959,low,LONG
2025-04-02 00:00:00,1,0.5228744149208069,0.4771255552768707,low,NEUTRAL
2025-04-02 04:00:00,1,0.38278672099113464,0.617213249206543,low,LONG
2025-04-02 08:00:00,1,0.41739413142204285,0.5826058387756348,low,LONG
2025-04-03 16:00:00,1,0.09912044554948807,0.9008795022964478,low,LONG
2025-04-06 00:00:00,0,0.7678117156028748,0.23218829929828644,low,SHORT
2025-04-06 04:00:00,0,0.882006824016571,0.11799316108226776,low,SHORT
2025-04-06 08:00:00,0,0.8797561526298523,0.12024378031492233,low,SHORT
2025-04-06 12:00:00,0,0.8449426889419556,0.15505729615688324,low,SHORT
2025-04-06 16:00:00,0,0.7075644731521606,0.29243549704551697,low,SHORT
2025-04-06 20:00:00,0,0.6575531363487244,0.34244686365127563,low,SHORT
2025-04-07 00:00:00,0,0.4333997964859009,0.5666002035140991,mid,NEUTRAL
2025-04-07 04:00:00,1,0.33188894391059875,0.6681110858917236,mid,LONG
2025-04-07 08:00:00,1,0.3370394706726074,0.6629605293273926,mid,LONG
2025-04-07 12:00:00,1,0.40802961587905884,0.5919703841209412,mid,NEUTRAL
2025-04-07 16:00:00,1,0.4080800414085388,0.5919199585914612,mid,NEUTRAL
2025-04-08 00:00:00,0,0.5312260389328003,0.4687739908695221,mid,NEUTRAL
2025-04-08 04:00:00,0,0.62052321434021,0.37947675585746765,mid,SHORT
2025-04-08 08:00:00,0,0.7626320719718933,0.2373679131269455,mid,SHORT
2025-04-08 12:00:00,0,0.7285189628601074,0.2714810371398926,mid,SHORT
2025-04-09 00:00:00,1,0.12952277064323425,0.8704771995544434,mid,LONG
2025-04-09 08:00:00,1,0.1051420122385025,0.8948579430580139,mid,LONG
2025-04-09 12:00:00,1,0.09526325017213821,0.9047367572784424,mid,LONG
2025-04-09 20:00:00,0,0.4425950050354004,0.5574049353599548,high,NEUTRAL
2025-04-10 00:00:00,0,0.7495495676994324,0.2504504323005676,high,SHORT
2025-04-10 04:00:00,0,0.6007018685340881,0.39929819107055664,mid,SHORT
2025-04-10 08:00:00,0,0.6041953563690186,0.39580464363098145,mid,SHORT
2025-04-10 12:00:00,1,0.45345017313957214,0.5465497970581055,high,NEUTRAL
2025-04-10 16:00:00,1,0.44826850295066833,0.5517314672470093,high,NEUTRAL
2025-04-10 20:00:00,1,0.4802035987377167,0.5197964310646057,mid,NEUTRAL
2025-04-11 00:00:00,1,0.24808304011821747,0.7519169449806213,mid,LONG
2025-04-11 04:00:00,1,0.16473639011383057,0.8352636694908142,mid,LONG
2025-04-12 08:00:00,1,0.22122028470039368,0.7787797451019287,mid,LONG
2025-04-20 08:00:00,1,0.39466729760169983,0.6053326725959778,low,LONG
2025-04-20 12:00:00,1,0.4958808422088623,0.5041191577911377,low,NEUTRAL
2025-04-20 16:00:00,1,0.46913471817970276,0.5308653116226196,low,NEUTRAL
2025-04-20 20:00:00,1,0.5761681795120239,0.4238317608833313,low,SHORT
2025-04-21 20:00:00,1,0.3468377888202667,0.6531622409820557,low,LONG
2025-04-22 00:00:00,1,0.07713659852743149,0.9228634238243103,low,LONG
2025-04-22 04:00:00,1,0.08441223204135895,0.9155877828598022,low,LONG
2025-04-22 08:00:00,1,0.04991011694073677,0.9500899314880371,low,LONG
2025-04-22 12:00:00,1,0.06038491427898407,0.9396150708198547,low,LONG
2025-04-22 16:00:00,1,0.09480566531419754,0.9051943421363831,low,LONG
2025-04-30 20:00:00,1,0.495880663394928,0.504119336605072,low,NEUTRAL
2025-05-06 08:00:00,1,0.05405520647764206,0.9459447860717773,low,LONG
2025-05-06 12:00:00,1,0.0709676444530487,0.9290323257446289,low,LONG
2025-05-07 16:00:00,1,0.3331933915615082,0.6668066382408142,low,LONG
2025-05-07 20:00:00,1,0.4046337902545929,0.5953662395477295,low,LONG
2025-05-08 04:00:00,1,0.06235193833708763,0.9376479983329773,low,LONG
2025-05-08 08:00:00,1,0.05283021926879883,0.9471697807312012,low,LONG
2025-05-08 12:00:00,1,0.06712185591459274,0.9328781366348267,low,LONG
2025-05-08 16:00:00,1,0.11082880198955536,0.8891711831092834,low,LONG
2025-05-12 04:00:00,0,0.7840656638145447,0.21593430638313293,low,SHORT
2025-05-13 00:00:00,1,0.07575222104787827,0.9242478013038635,low,LONG
2025-05-18 08:00:00,1,0.0985897108912468,0.9014102816581726,low,LONG
2025-05-18 16:00:00,1,0.06735628843307495,0.932643711566925,low,LONG
2025-05-18 20:00:00,0,0.39150020480155945,0.6084998250007629,low,LONG
2025-05-19 08:00:00,1,0.5413991212844849,0.45860084891319275,low,NEUTRAL
2025-05-21 04:00:00,1,0.10160483419895172,0.8983951807022095,low,LONG
2025-05-21 08:00:00,1,0.12109693139791489,0.8789030909538269,low,LONG
2025-05-21 16:00:00,1,0.2537265419960022,0.7462734580039978,low,LONG
2025-05-22 20:00:00,0,0.37672173976898193,0.6232782006263733,low,LONG
2025-05-23 00:00:00,0,0.8923705220222473,0.10762950032949448,low,SHORT
2025-05-23 04:00:00,0,0.9230309724807739,0.07696903496980667,low,SHORT
2025-05-25 12:00:00,1,0.2687958776950836,0.7312041521072388,low,LONG
2025-05-29 08:00:00,0,0.8819446563720703,0.1180553212761879,low,SHORT
2025-06-05 00:00:00,0,0.8734541535377502,0.12654581665992737,low,SHORT
2025-06-05 04:00:00,0,0.8524094223976135,0.14759062230587006,low,SHORT
2025-06-05 08:00:00,0,0.8808209896087646,0.11917905509471893,low,SHORT
2025-06-05 12:00:00,0,0.8430998921394348,0.15690010786056519,low,SHORT
2025-06-05 20:00:00,1,0.6006645560264587,0.39933544397354126,low,SHORT
2025-06-09 04:00:00,1,0.08159498870372772,0.9184050559997559,low,LONG
2025-06-12 08:00:00,0,0.6594569683074951,0.3405429720878601,low,SHORT
2025-06-12 12:00:00,0,0.7020883560180664,0.2979116439819336,low,SHORT
2025-06-12 16:00:00,0,0.656863808631897,0.3431362211704254,low,SHORT
2025-06-17 00:00:00,0,0.8943548202514648,0.10564519464969635,low,SHORT
2025-06-17 04:00:00,0,0.875644326210022,0.12435571104288101,low,SHORT
2025-06-20 04:00:00,0,0.7737345099449158,0.22626549005508423,low,SHORT
2025-06-20 08:00:00,0,0.8390729427337646,0.16092708706855774,low,SHORT
2025-06-21 20:00:00,0,0.5778790712356567,0.4221208989620209,low,SHORT
2025-06-22 00:00:00,0,0.6805049777030945,0.3194950520992279,low,SHORT
2025-06-22 04:00:00,0,0.636932373046875,0.3630676865577698,low,SHORT
2025-06-22 08:00:00,0,0.6807497143745422,0.3192502558231354,low,SHORT
2025-06-22 12:00:00,1,0.43442124128341675,0.5655787587165833,low,LONG
2025-06-22 16:00:00,1,0.4259195923805237,0.5740804076194763,low,LONG
2025-07-02 00:00:00,1,0.05924803391098976,0.9407519698143005,low,LONG
2025-07-09 00:00:00,1,0.49980032444000244,0.5001996159553528,low,NEUTRAL
2025-07-09 04:00:00,1,0.33172595500946045,0.6682740449905396,low,LONG
2025-07-10 04:00:00,1,0.27352970838546753,0.7264702320098877,low,LONG
2025-07-10 08:00:00,1,0.08537503331899643,0.9146249294281006,low,LONG
2025-07-10 12:00:00,1,0.05880320072174072,0.9411967396736145,low,LONG
2025-07-10 16:00:00,1,0.11216743290424347,0.8878325819969177,low,LONG
2025-07-13 12:00:00,1,0.6066500544548035,0.39334991574287415,low,SHORT
2025-07-13 16:00:00,1,0.5650092363357544,0.4349907636642456,low,SHORT
2025-07-13 20:00:00,1,0.5854647755622864,0.4145352840423584,low,SHORT
2025-07-14 08:00:00,0,0.4509390890598297,0.5490608811378479,low,NEUTRAL
2025-07-14 12:00:00,0,0.3608965575695038,0.6391034722328186,low,LONG
2025-07-14 16:00:00,0,0.24863986670970917,0.7513601183891296,low,LONG
2025-07-14 20:00:00,0,0.21790610253810883,0.7820939421653748,low,LONG
2025-07-24 12:00:00,0,0.12945976853370667,0.870540201663971,low,LONG
2025-07-24 16:00:00,0,0.11711248755455017,0.8828874826431274,low,LONG
2025-07-24 20:00:00,0,0.08548206090927124,0.9145179390907288,low,LONG
2025-07-31 08:00:00,0,0.23073628544807434,0.7692636847496033,low,LONG
2025-07-31 12:00:00,0,0.27827781438827515,0.7217221856117249,low,LONG
2025-08-10 08:00:00,1,0.584534764289856,0.41546526551246643,low,SHORT
2025-08-10 16:00:00,1,0.6915399432182312,0.3084600567817688,low,SHORT
2025-08-13 04:00:00,1,0.30472493171691895,0.6952750086784363,low,LONG
2025-08-13 08:00:00,1,0.34834542870521545,0.6516545414924622,low,LONG
2025-08-13 20:00:00,0,0.5390979051589966,0.4609020948410034,low,NEUTRAL
2025-08-14 00:00:00,0,0.14142289757728577,0.8585770726203918,low,LONG
2025-08-14 04:00:00,0,0.06552185118198395,0.934478223323822,low,LONG
2025-08-14 08:00:00,0,0.07035335898399353,0.9296466708183289,low,LONG
2025-08-21 20:00:00,1,0.15262442827224731,0.8473755717277527,low,LONG
2025-08-22 00:00:00,1,0.23434674739837646,0.7656532526016235,low,LONG
2025-08-22 04:00:00,1,0.28334930539131165,0.7166507244110107,low,LONG
2025-08-22 08:00:00,1,0.08977697044610977,0.9102230072021484,low,LONG
2025-08-24 00:00:00,0,0.34273236989974976,0.6572676301002502,low,LONG
2025-08-24 04:00:00,0,0.25407058000564575,0.7459294199943542,low,LONG
2025-08-24 08:00:00,0,0.09358027577400208,0.9064196944236755,low,LONG
2025-08-24 12:00:00,0,0.10401126742362976,0.8959887027740479,low,LONG
2025-08-25 12:00:00,0,0.5215962529182434,0.47840380668640137,low,NEUTRAL
2025-08-28 20:00:00,0,0.6256102919578552,0.37438973784446716,low,SHORT
2025-08-29 00:00:00,0,0.5806334018707275,0.4193665683269501,low,SHORT
2025-09-04 12:00:00,1,0.0767274722456932,0.9232725501060486,low,LONG
2025-09-21 12:00:00,0,0.5457252264022827,0.4542747437953949,low,NEUTRAL
2025-09-21 16:00:00,0,0.5288697481155396,0.47113028168678284,low,NEUTRAL
2025-09-25 00:00:00,0,0.7892683744430542,0.21073167026042938,low,SHORT
2025-09-30 20:00:00,1,0.6092700362205505,0.3907299339771271,low,SHORT
2025-10-01 00:00:00,1,0.5752346515655518,0.42476537823677063,low,SHORT
2025-10-01 04:00:00,1,0.5805876851081848,0.4194123148918152,low,SHORT
2025-10-03 00:00:00,1,0.6875544190406799,0.31244558095932007,low,SHORT
2025-10-03 04:00:00,1,0.48880913853645325,0.5111908316612244,low,NEUTRAL
2025-10-04 12:00:00,1,0.17462116479873657,0.8253788352012634,low,LONG
2025-10-04 16:00:00,1,0.1791635900735855,0.8208363652229309,low,LONG
2025-10-07 00:00:00,0,0.18568114936351776,0.814318835735321,low,LONG
2025-10-07 08:00:00,0,0.04812982305884361,0.9518701434135437,low,LONG
2025-10-10 00:00:00,0,0.2598140835762024,0.7401859164237976,low,LONG
2025-10-10 04:00:00,0,0.21263638138771057,0.787363588809967,low,LONG
2025-10-10 08:00:00,0,0.1163063570857048,0.8836936950683594,low,LONG
2025-10-10 12:00:00,0,0.05999765545129776,0.9400023221969604,low,LONG
2025-10-10 16:00:00,0,0.05025501921772957,0.9497449398040771,low,LONG
2025-10-12 00:00:00,1,0.7701491117477417,0.2298509180545807,mid,SHORT
2025-10-12 04:00:00,1,0.6698164343833923,0.33018362522125244,mid,SHORT
2025-10-12 08:00:00,1,0.6708323359489441,0.3291676640510559,mid,SHORT
2025-10-13 16:00:00,0,0.17435438930988312,0.8256456255912781,low,LONG
2025-10-13 20:00:00,0,0.14803697168827057,0.8519630432128906,low,LONG
2025-10-14 00:00:00,0,0.7583638429641724,0.24163615703582764,low,SHORT
2025-10-16 00:00:00,0,0.8469808101654053,0.15301918983459473,low,SHORT
2025-10-16 08:00:00,0,0.8292989730834961,0.1707010716199875,low,SHORT
2025-10-16 16:00:00,0,0.6758520007133484,0.324148029088974,low,SHORT
2025-10-16 20:00:00,0,0.683382511138916,0.316617488861084,low,SHORT
2025-10-17 00:00:00,0,0.5092564821243286,0.4907435178756714,low,NEUTRAL
2025-10-20 12:00:00,0,0.742466926574707,0.25753307342529297,low,SHORT
2025-10-20 16:00:00,0,0.7259508371353149,0.27404916286468506,low,SHORT
2025-10-21 00:00:00,1,0.3831939697265625,0.6168060302734375,low,LONG
2025-10-21 04:00:00,1,0.21390002965927124,0.7860999703407288,low,LONG
2025-10-21 08:00:00,1,0.22264613211154938,0.777353823184967,low,LONG
2025-10-21 12:00:00,0,0.6665235161781311,0.3334765136241913,low,SHORT
2025-10-21 16:00:00,0,0.6175116300582886,0.3824883997440338,low,SHORT
2025-10-26 04:00:00,1,0.3271418511867523,0.6728581786155701,low,LONG
2025-10-29 04:00:00,0,0.5544783473014832,0.44552165269851685,low,SHORT
2025-10-29 08:00:00,0,0.6646941900253296,0.335305780172348,low,SHORT
2025-10-29 12:00:00,0,0.29385295510292053,0.7061470746994019,low,LONG
2025-10-30 00:00:00,0,0.31862637400627136,0.6813735961914062,low,LONG
2025-10-30 04:00:00,0,0.46526116132736206,0.5347388386726379,low,NEUTRAL
2025-10-30 08:00:00,0,0.13109137117862701,0.8689086437225342,low,LONG
2025-10-30 16:00:00,1,0.04753108695149422,0.9524689316749573,low,LONG
2025-11-02 16:00:00,0,0.49058449268341064,0.5094155669212341,low,NEUTRAL
2025-11-02 20:00:00,0,0.482359915971756,0.5176400542259216,low,NEUTRAL
2025-11-03 16:00:00,0,0.3343164026737213,0.6656836271286011,low,LONG
2025-11-03 20:00:00,0,0.40506550669670105,0.5949344635009766,low,LONG
2025-11-04 00:00:00,0,0.6394311785697937,0.3605688214302063,low,SHORT
2025-11-04 04:00:00,0,0.5883204340934753,0.41167956590652466,low,SHORT
2025-11-04 08:00:00,0,0.4982643127441406,0.5017356872558594,low,NEUTRAL
2025-11-04 12:00:00,0,0.43691232800483704,0.5630876421928406,low,LONG
2025-11-06 00:00:00,0,0.8133538365364075,0.18664617836475372,low,SHORT
2025-11-07 08:00:00,1,0.37382200360298157,0.6261780261993408,low,LONG
2025-11-07 12:00:00,1,0.2570459842681885,0.7429539561271667,low,LONG
2025-11-09 00:00:00,1,0.7223656177520752,0.2776343822479248,low,SHORT
2025-11-09 04:00:00,1,0.7080454230308533,0.29195454716682434,low,SHORT
2025-11-09 08:00:00,1,0.7824461460113525,0.21755389869213104,low,SHORT
2025-11-11 00:00:00,0,0.20843596756458282,0.7915640473365784,low,LONG
2025-11-12 08:00:00,0,0.2340528666973114,0.765947163105011,low,LONG
2025-11-13 04:00:00,0,0.2732256054878235,0.7267743945121765,low,LONG
2025-11-13 08:00:00,0,0.05554928258061409,0.9444507956504822,low,LONG
2025-11-13 12:00:00,0,0.056448642164468765,0.9435513019561768,low,LONG
2025-11-13 20:00:00,0,0.06068948283791542,0.9393104910850525,low,LONG
2025-11-14 00:00:00,0,0.5418046712875366,0.458195298910141,low,NEUTRAL
2025-11-14 04:00:00,0,0.4144957661628723,0.5855042338371277,mid,NEUTRAL
2025-11-16 04:00:00,0,0.7572541832923889,0.2427458018064499,low,SHORT
2025-11-17 00:00:00,0,0.5861100554466248,0.41388994455337524,low,SHORT
2025-11-17 04:00:00,0,0.6426392793655396,0.35736075043678284,low,SHORT
2025-11-17 08:00:00,0,0.5916900634765625,0.4083098769187927,low,SHORT
2025-11-17 12:00:00,0,0.3694745600223541,0.6305254101753235,low,LONG
2025-11-17 20:00:00,0,0.2205820232629776,0.7794179916381836,low,LONG
2025-11-18 04:00:00,1,0.4502914547920227,0.5497086048126221,low,NEUTRAL
2025-11-18 12:00:00,0,0.8029415607452393,0.19705843925476074,low,SHORT
2025-11-18 16:00:00,0,0.7953059673309326,0.20469403266906738,low,SHORT
2025-11-18 20:00:00,0,0.7125999331474304,0.2874000370502472,low,SHORT
2025-11-19 00:00:00,0,0.7253761291503906,0.2746238708496094,low,SHORT
2025-11-19 04:00:00,0,0.6826239824295044,0.3173760175704956,low,SHORT
2025-11-19 08:00:00,0,0.6426928043365479,0.35730716586112976,low,SHORT
2025-11-19 12:00:00,1,0.6101486682891846,0.38985130190849304,low,SHORT
2025-11-19 16:00:00,1,0.6285377144813538,0.37146222591400146,low,SHORT
2025-11-20 00:00:00,0,0.5883498191833496,0.411650151014328,low,SHORT
2025-11-20 04:00:00,0,0.6459061503410339,0.35409387946128845,low,SHORT
2025-11-20 08:00:00,0,0.6523181796073914,0.3476818799972534,low,SHORT
2025-11-20 12:00:00,0,0.2372666895389557,0.7627332806587219,mid,LONG
2025-11-20 20:00:00,0,0.13153955340385437,0.868460476398468,mid,LONG
2025-11-21 00:00:00,0,0.15510378777980804,0.8448962569236755,mid,LONG
2025-11-21 12:00:00,1,0.3377249836921692,0.662274956703186,high,NEUTRAL
2025-11-22 12:00:00,1,0.7518794536590576,0.2481204867362976,mid,SHORT
2025-11-24 08:00:00,1,0.5374273657798767,0.4625726640224457,mid,NEUTRAL
2025-11-24 12:00:00,1,0.5871413946151733,0.41285860538482666,mid,NEUTRAL
2025-11-26 00:00:00,1,0.35030508041381836,0.6496949195861816,low,LONG
2025-11-26 08:00:00,1,0.27547487616539,0.7245251536369324,low,LONG
2025-11-26 12:00:00,1,0.3514242470264435,0.6485757827758789,low,LONG
2025-11-30 08:00:00,0,0.0801304429769516,0.919869601726532,low,LONG
2025-11-30 12:00:00,0,0.14405599236488342,0.8559439778327942,low,LONG
2025-11-30 16:00:00,0,0.21034428477287292,0.7896556854248047,low,LONG
2025-11-30 20:00:00,0,0.09224119037389755,0.9077587723731995,low,LONG
2025-12-01 04:00:00,0,0.37950265407562256,0.6204973459243774,low,LONG
2025-12-01 12:00:00,1,0.5009872913360596,0.4990127384662628,low,NEUTRAL
2025-12-01 16:00:00,1,0.3809008002281189,0.6190991997718811,low,LONG
2025-12-01 20:00:00,1,0.37735655903816223,0.6226434111595154,low,LONG
2025-12-02 00:00:00,1,0.5820961594581604,0.4179038405418396,low,SHORT
2025-12-02 04:00:00,1,0.6271650791168213,0.37283486127853394,low,SHORT
2025-12-02 08:00:00,1,0.6390276551246643,0.3609723448753357,low,SHORT
2025-12-02 12:00:00,1,0.7008949518203735,0.29910504817962646,low,SHORT
2025-12-05 00:00:00,0,0.1582806259393692,0.841719388961792,low,LONG
2025-12-05 04:00:00,0,0.10373803228139877,0.896261990070343,low,LONG
2025-12-05 08:00:00,0,0.0903647243976593,0.9096352458000183,low,LONG
2025-12-09 00:00:00,1,0.13464346528053284,0.8653565645217896,low,LONG
2025-12-09 04:00:00,1,0.061002057045698166,0.9389979839324951,low,LONG
2025-12-09 08:00:00,1,0.04624094069004059,0.9537591338157654,low,LONG
2025-12-11 04:00:00,1,0.33877184987068176,0.6612281203269958,low,LONG
2025-12-11 08:00:00,1,0.43181130290031433,0.5681886672973633,low,LONG
2025-12-11 12:00:00,1,0.2688957452774048,0.73110431432724,low,LONG
2025-12-12 00:00:00,0,0.4514985680580139,0.5485014319419861,low,NEUTRAL
2025-12-12 04:00:00,0,0.445654958486557,0.5543450713157654,low,LONG
2025-12-12 08:00:00,0,0.46098819375038147,0.5390117764472961,low,NEUTRAL
2025-12-15 00:00:00,0,0.1926351636648178,0.8073648810386658,low,LONG
2025-12-15 04:00:00,0,0.47870156168937683,0.5212984681129456,low,NEUTRAL
2025-12-15 08:00:00,0,0.7070400714874268,0.29295992851257324,low,SHORT
2025-12-17 00:00:00,1,0.5368787050247192,0.46312129497528076,low,NEUTRAL
2025-12-17 04:00:00,1,0.5191637277603149,0.48083624243736267,low,NEUTRAL
2025-12-17 08:00:00,1,0.37949496507644653,0.6205050945281982,low,LONG
2025-12-17 20:00:00,1,0.42420494556427,0.5757951140403748,low,LONG
2025-12-18 00:00:00,1,0.5141517519950867,0.48584821820259094,low,NEUTRAL
2025-12-18 04:00:00,1,0.6215628385543823,0.37843722105026245,low,SHORT
2025-12-18 12:00:00,0,0.8483485579490662,0.15165147185325623,low,SHORT
2025-12-18 16:00:00,1,0.5098605751991272,0.4901394248008728,low,NEUTRAL
2025-12-18 20:00:00,1,0.46710097789764404,0.5328989624977112,low,NEUTRAL
2025-12-28 16:00:00,1,0.23112238943576813,0.7688776254653931,low,LONG
2025-12-29 00:00:00,0,0.6523544788360596,0.34764549136161804,low,SHORT
2025-12-29 04:00:00,0,0.27066555619239807,0.7293344736099243,low,LONG
2026-01-13 00:00:00,1,0.3847135901451111,0.6152864098548889,low,LONG
2026-01-13 04:00:00,1,0.38048088550567627,0.6195191144943237,low,LONG
2026-01-13 08:00:00,1,0.5365886092185974,0.463411420583725,low,NEUTRAL
2026-01-13 12:00:00,1,0.783829391002655,0.21617057919502258,low,SHORT
2026-01-14 08:00:00,1,0.1856917291879654,0.8143082857131958,low,LONG
2026-01-18 08:00:00,0,0.8514171838760376,0.14858286082744598,low,SHORT
2026-01-18 12:00:00,0,0.9122361540794373,0.08776383101940155,low,SHORT
2026-01-18 16:00:00,0,0.880256175994873,0.11974383145570755,low,SHORT
2026-01-20 00:00:00,0,0.3694557249546051,0.6305443048477173,low,LONG
2026-01-20 04:00:00,0,0.1880529820919037,0.8119470477104187,low,LONG
2026-01-20 08:00:00,0,0.15720541775226593,0.84279465675354,low,LONG
2026-01-20 12:00:00,0,0.16045482456684113,0.8395451903343201,low,LONG
2026-01-21 12:00:00,0,0.7015458345413208,0.298454225063324,low,SHORT
2026-01-25 00:00:00,0,0.31190410256385803,0.6880958676338196,low,LONG
2026-01-28 20:00:00,0,0.4975939393043518,0.5024060606956482,low,NEUTRAL
2026-01-29 00:00:00,0,0.5685049891471863,0.4314950406551361,low,SHORT
2026-01-29 04:00:00,0,0.6722286343574524,0.32777139544487,low,SHORT
2026-01-29 08:00:00,0,0.6033352613449097,0.3966647982597351,low,SHORT
2026-01-29 12:00:00,0,0.3085208833217621,0.6914790868759155,low,LONG
2026-01-29 16:00:00,0,0.23243941366672516,0.7675605416297913,low,LONG
2026-01-29 20:00:00,0,0.4813298285007477,0.5186702013015747,low,NEUTRAL
2026-01-30 20:00:00,0,0.7988202571868896,0.20117974281311035,low,SHORT
2026-01-31 00:00:00,0,0.6067706346511841,0.3932293951511383,low,SHORT
2026-01-31 04:00:00,0,0.5686149597167969,0.43138501048088074,low,SHORT
2026-01-31 08:00:00,0,0.5845269560813904,0.41547301411628723,low,SHORT
2026-01-31 12:00:00,0,0.4543827772140503,0.5456172227859497,low,NEUTRAL
2026-02-01 04:00:00,0,0.5537802577018738,0.4462197422981262,mid,NEUTRAL
2026-02-01 08:00:00,0,0.6159655451774597,0.38403448462486267,mid,SHORT
2026-02-01 12:00:00,0,0.5052074790000916,0.49479255080223083,mid,NEUTRAL
2026-02-01 16:00:00,0,0.5370012521743774,0.46299877762794495,mid,NEUTRAL
2026-02-02 04:00:00,1,0.4621789753437042,0.5378210544586182,mid,NEUTRAL
2026-02-03 00:00:00,0,0.6075807213783264,0.3924192488193512,mid,SHORT
2026-02-03 04:00:00,0,0.6254953742027283,0.37450462579727173,mid,SHORT
2026-02-03 08:00:00,0,0.505057692527771,0.4949423372745514,mid,NEUTRAL
2026-02-03 12:00:00,0,0.4382280111312866,0.5617719292640686,mid,NEUTRAL
2026-02-04 00:00:00,0,0.4074693024158478,0.5925306677818298,mid,NEUTRAL
2026-02-04 04:00:00,0,0.5035246014595032,0.49647536873817444,mid,NEUTRAL
2026-02-04 08:00:00,0,0.4313068091869354,0.568693220615387,mid,NEUTRAL
2026-02-04 12:00:00,0,0.25137537717819214,0.7486245632171631,mid,LONG
2026-02-04 16:00:00,0,0.2858090102672577,0.7141910195350647,mid,LONG
2026-02-04 20:00:00,0,0.26807764172554016,0.7319223880767822,mid,LONG
2026-02-05 00:00:00,0,0.27884963154792786,0.7211503982543945,high,LONG
2026-02-05 08:00:00,0,0.33675616979599,0.66324383020401,high,NEUTRAL
2026-02-05 16:00:00,0,0.1682741940021515,0.8317257761955261,high,LONG
2026-02-06 00:00:00,1,0.5377815365791321,0.46221843361854553,high,NEUTRAL
2026-02-06 04:00:00,1,0.6429394483566284,0.3570605218410492,high,NEUTRAL
2026-02-06 08:00:00,1,0.6633644104003906,0.3366355895996094,high,NEUTRAL
2026-02-06 12:00:00,1,0.7646490335464478,0.23535093665122986,high,SHORT
2026-02-06 16:00:00,0,0.8126130104064941,0.18738701939582825,high,SHORT
2026-02-07 00:00:00,0,0.5689491033554077,0.4310508966445923,high,NEUTRAL
2026-02-07 20:00:00,1,0.4744964838027954,0.5255035758018494,high,NEUTRAL
2026-02-08 00:00:00,1,0.42978283762931824,0.5702171325683594,high,NEUTRAL
2026-02-08 04:00:00,1,0.48201122879981995,0.5179888010025024,high,NEUTRAL
2026-02-08 16:00:00,0,0.6445951461791992,0.3554048538208008,high,NEUTRAL
2026-02-09 00:00:00,0,0.5078795552253723,0.4921204745769501,high,NEUTRAL
2026-02-09 04:00:00,0,0.4519868791103363,0.5480131506919861,high,NEUTRAL
2026-02-09 08:00:00,1,0.24118424952030182,0.7588157653808594,high,LONG
2026-02-09 16:00:00,0,0.43745020031929016,0.5625498294830322,high,NEUTRAL
2026-02-09 20:00:00,0,0.4404996633529663,0.5595002770423889,mid,NEUTRAL
2026-02-10 12:00:00,0,0.2697754502296448,0.7302245497703552,mid,LONG
2026-02-10 16:00:00,0,0.26830023527145386,0.7316997051239014,mid,LONG
2026-02-10 20:00:00,0,0.3802121877670288,0.619787871837616,mid,LONG
2026-02-11 00:00:00,0,0.16598950326442719,0.8340105414390564,mid,LONG
2026-02-12 00:00:00,0,0.5953976511955261,0.4046023488044739,mid,NEUTRAL
2026-02-12 08:00:00,0,0.7710711359977722,0.2289288192987442,mid,SHORT
2026-02-12 12:00:00,0,0.657322883605957,0.34267711639404297,mid,SHORT
2026-02-12 20:00:00,1,0.48286375403404236,0.5171362161636353,mid,NEUTRAL
2026-02-13 00:00:00,1,0.5342205762863159,0.4657793939113617,mid,NEUTRAL
2026-02-13 04:00:00,1,0.695051908493042,0.3049480617046356,mid,SHORT
2026-02-13 08:00:00,1,0.8411566615104675,0.15884335339069366,mid,SHORT
2026-02-15 04:00:00,0,0.7630006670951843,0.2369993031024933,low,SHORT
2026-02-15 08:00:00,0,0.7189438939094543,0.28105610609054565,low,SHORT
2026-02-16 20:00:00,0,0.6840071082115173,0.3159928619861603,low,SHORT
2026-02-18 04:00:00,0,0.9289249181747437,0.07107511907815933,low,SHORT
2026-02-22 08:00:00,0,0.05855238810181618,0.9414476156234741,low,LONG
2026-02-22 12:00:00,0,0.04275090992450714,0.9572490453720093,low,LONG
2026-02-22 16:00:00,0,0.046492960304021835,0.9535070657730103,low,LONG
2026-02-22 20:00:00,0,0.08100485801696777,0.9189951419830322,low,LONG
2026-02-23 04:00:00,0,0.9385575652122498,0.061442479491233826,low,SHORT
2026-02-23 08:00:00,0,0.8919212818145752,0.10807869583368301,low,SHORT
2026-02-23 12:00:00,0,0.834807813167572,0.1651921570301056,low,SHORT
2026-02-23 20:00:00,0,0.6032120585441589,0.39678794145584106,low,SHORT
2026-02-24 08:00:00,1,0.4776066243648529,0.5223934054374695,low,NEUTRAL
2026-02-24 12:00:00,1,0.6446675062179565,0.35533255338668823,low,SHORT
2026-02-24 20:00:00,1,0.5655742287635803,0.43442583084106445,low,SHORT
2026-02-25 00:00:00,1,0.29248151183128357,0.707518458366394,low,LONG
2026-02-25 04:00:00,1,0.20844264328479767,0.7915573120117188,low,LONG
2026-02-25 08:00:00,1,0.12893258035182953,0.871067464351654,low,LONG
2026-02-25 12:00:00,1,0.4928086996078491,0.5071913003921509,low,NEUTRAL
2026-02-27 00:00:00,0,0.4306476414203644,0.5693523287773132,low,LONG
2026-02-27 04:00:00,0,0.6407801508903503,0.35921987891197205,low,SHORT
2026-02-27 12:00:00,0,0.33506444096565247,0.6649355888366699,low,LONG
2026-02-27 16:00:00,0,0.3066050410270691,0.6933950185775757,low,LONG
2026-02-27 20:00:00,0,0.3308273255825043,0.6691726446151733,low,LONG
2026-02-28 00:00:00,0,0.13410845398902893,0.8658915162086487,low,LONG
2026-02-28 04:00:00,1,0.051799822598695755,0.9482001066207886,mid,LONG
2026-02-28 08:00:00,1,0.058474067598581314,0.941525936126709,mid,LONG
2026-02-28 12:00:00,1,0.11833526194095612,0.8816647529602051,mid,LONG
2026-03-01 04:00:00,0,0.40190228819847107,0.5980976819992065,mid,NEUTRAL
2026-03-01 20:00:00,1,0.06441865116357803,0.935581386089325,mid,LONG
2026-03-02 04:00:00,1,0.07733116298913956,0.9226688146591187,mid,LONG
2026-03-02 16:00:00,0,0.6813997626304626,0.31860023736953735,mid,SHORT
2026-03-02 20:00:00,0,0.3217203617095947,0.6782796382904053,mid,LONG
2026-03-03 00:00:00,0,0.20582975447177887,0.7941703200340271,mid,LONG
2026-03-03 20:00:00,1,0.1433049738407135,0.8566950559616089,mid,LONG
2026-03-04 00:00:00,1,0.3219309151172638,0.6780691146850586,mid,LONG
2026-03-04 04:00:00,1,0.5591475963592529,0.44085240364074707,mid,NEUTRAL
2026-03-04 08:00:00,1,0.8246229290962219,0.17537705600261688,mid,SHORT
2026-03-05 08:00:00,0,0.11885960400104523,0.881140410900116,mid,LONG
2026-03-05 20:00:00,0,0.08243940770626068,0.9175606369972229,mid,LONG
2026-03-06 00:00:00,0,0.20661894977092743,0.7933810353279114,mid,LONG
2026-03-06 04:00:00,0,0.2553359866142273,0.7446640729904175,mid,LONG
2026-03-06 08:00:00,0,0.05479809641838074,0.9452018737792969,mid,LONG
2026-03-08 20:00:00,1,0.06121937185525894,0.938780665397644,low,LONG
2026-03-09 00:00:00,1,0.7370200753211975,0.2629798650741577,low,SHORT
2026-03-09 08:00:00,1,0.8763803839683533,0.12361956387758255,low,SHORT
2026-03-09 16:00:00,1,0.8417720794677734,0.15822790563106537,low,SHORT
2026-03-09 20:00:00,1,0.7033714652061462,0.29662853479385376,low,SHORT
2026-03-10 00:00:00,1,0.42173948884010315,0.5782605409622192,low,LONG
2026-03-11 08:00:00,1,0.06249430030584335,0.9375057220458984,low,LONG
2026-03-12 16:00:00,1,0.5796356797218323,0.42036429047584534,low,SHORT
2026-03-12 20:00:00,1,0.32671961188316345,0.6732803583145142,low,LONG
2026-03-13 00:00:00,1,0.36391207575798035,0.636087954044342,low,LONG
2026-03-13 04:00:00,1,0.4884595572948456,0.5115404725074768,low,NEUTRAL
2026-03-15 08:00:00,1,0.7310667634010315,0.2689332067966461,low,SHORT
2026-03-15 12:00:00,1,0.605922520160675,0.39407750964164734,low,SHORT
2026-03-15 16:00:00,1,0.5713477730751038,0.42865225672721863,low,SHORT
2026-03-16 08:00:00,1,0.6316874027252197,0.3683125972747803,low,SHORT
2026-03-16 12:00:00,1,0.6434783935546875,0.3565215766429901,low,SHORT
2026-03-17 20:00:00,0,0.4578452706336975,0.5421547293663025,low,NEUTRAL
2026-03-18 00:00:00,0,0.7221887111663818,0.27781131863594055,low,SHORT
2026-03-18 04:00:00,0,0.8034844398498535,0.1965155452489853,low,SHORT
2026-03-18 08:00:00,0,0.8168231844902039,0.18317686021327972,low,SHORT
2026-03-18 20:00:00,0,0.5048315525054932,0.4951684772968292,low,NEUTRAL
2026-03-19 00:00:00,0,0.7421664595603943,0.2578335404396057,low,SHORT
2026-03-21 04:00:00,0,0.9038428664207458,0.09615714848041534,low,SHORT
2026-03-21 08:00:00,0,0.9280277490615845,0.07197226583957672,low,SHORT
2026-03-21 12:00:00,0,0.9062041640281677,0.09379585087299347,low,SHORT
2026-03-21 16:00:00,0,0.853641927242279,0.14635802805423737,low,SHORT
2026-03-22 16:00:00,1,0.5416002869606018,0.4583997130393982,low,NEUTRAL
2026-03-22 20:00:00,1,0.5094264149665833,0.49057355523109436,low,NEUTRAL
2026-03-23 00:00:00,1,0.15657618641853333,0.8434237837791443,low,LONG
2026-03-23 04:00:00,1,0.24007517099380493,0.7599248290061951,low,LONG
2026-03-24 04:00:00,0,0.7294750213623047,0.2705250084400177,low,SHORT
2026-03-24 08:00:00,0,0.7417162656784058,0.25828367471694946,low,SHORT
2026-03-24 16:00:00,1,0.46104663610458374,0.5389533638954163,low,NEUTRAL
2026-03-25 20:00:00,0,0.5578163862228394,0.44218364357948303,low,SHORT
2026-03-26 00:00:00,0,0.8913426995277405,0.10865730047225952,low,SHORT
2026-03-26 16:00:00,0,0.5386255979537964,0.4613744020462036,low,NEUTRAL
2026-03-26 20:00:00,0,0.573260486125946,0.42673954367637634,low,SHORT
2026-03-27 00:00:00,0,0.7770952582359314,0.2229047566652298,low,SHORT
2026-03-27 04:00:00,0,0.8563632369041443,0.1436368077993393,low,SHORT
2026-03-29 20:00:00,1,0.4372948110103607,0.5627052187919617,low,LONG
2026-03-31 12:00:00,1,0.17612296342849731,0.8238770365715027,low,LONG
2026-04-01 08:00:00,0,0.5653177499771118,0.4346822202205658,low,SHORT
2026-04-01 12:00:00,0,0.7082791924476624,0.29172077775001526,low,SHORT
2026-04-01 20:00:00,0,0.4477868974208832,0.5522131323814392,low,LONG
2026-04-05 04:00:00,1,0.10047002136707306,0.8995299339294434,low,LONG
2026-04-05 08:00:00,1,0.05822063609957695,0.941779375076294,low,LONG
2026-04-05 12:00:00,1,0.059430524706840515,0.9405694603919983,low,LONG
2026-04-05 16:00:00,1,0.062486838549375534,0.9375131726264954,low,LONG
2026-04-07 04:00:00,1,0.1083887368440628,0.8916112780570984,low,LONG
2026-04-07 08:00:00,1,0.05252319574356079,0.9474768042564392,low,LONG
2026-04-07 12:00:00,1,0.04859574884176254,0.9514042139053345,low,LONG
2026-04-07 16:00:00,1,0.054274484515190125,0.9457255005836487,low,LONG
2026-04-09 04:00:00,1,0.16196103394031525,0.8380389213562012,low,LONG
2026-04-11 16:00:00,0,0.6982709765434265,0.3017289936542511,low,SHORT
2026-04-11 20:00:00,0,0.3641025125980377,0.6358974575996399,low,LONG
2026-04-13 00:00:00,1,0.07352634519338608,0.9264736175537109,low,LONG
2026-04-13 04:00:00,1,0.0842873826622963,0.9157125949859619,low,LONG
2026-04-13 08:00:00,1,0.04746968671679497,0.9525303244590759,low,LONG
2026-04-13 12:00:00,1,0.049869321286678314,0.9501307010650635,low,LONG
2026-04-16 20:00:00,1,0.4624960124492645,0.5375040173530579,low,NEUTRAL
2026-04-17 00:00:00,1,0.13604913651943207,0.8639509081840515,low,LONG
2026-04-17 04:00:00,1,0.07540763169527054,0.9245923161506653,low,LONG
2026-04-17 08:00:00,1,0.09846124053001404,0.9015387296676636,low,LONG
2026-04-21 12:00:00,1,0.14642783999443054,0.8535721302032471,low,LONG
2026-04-21 16:00:00,1,0.12318865209817886,0.8768113255500793,low,LONG
2026-04-21 20:00:00,1,0.3028043508529663,0.6971956491470337,low,LONG
2026-04-27 00:00:00,0,0.9187719225883484,0.0812281146645546,low,SHORT
2026-04-29 08:00:00,0,0.8709978461265564,0.12900212407112122,low,SHORT
2026-04-30 20:00:00,1,0.3876306712627411,0.6123692989349365,low,LONG
2026-05-13 00:00:00,0,0.8632112145423889,0.13678881525993347,low,SHORT
2026-05-14 00:00:00,1,0.11491826176643372,0.8850817084312439,low,LONG
2026-05-14 08:00:00,1,0.05243740603327751,0.9475626349449158,low,LONG
2026-05-22 12:00:00,0,0.8371333479881287,0.16286666691303253,low,SHORT
2026-05-23 04:00:00,1,0.1153576597571373,0.8846423625946045,low,LONG
2026-05-23 08:00:00,1,0.08461569249629974,0.9153842926025391,low,LONG
2026-05-27 08:00:00,0,0.9144291281700134,0.08557086437940598,low,SHORT
2026-05-27 12:00:00,0,0.7307925820350647,0.2692073881626129,low,SHORT
2026-05-27 16:00:00,0,0.7832374572753906,0.2167624831199646,low,SHORT
2026-05-31 20:00:00,0,0.6638171076774597,0.3361828327178955,low,SHORT
2026-06-01 00:00:00,0,0.46280378103256226,0.5371962189674377,low,NEUTRAL
2026-06-01 08:00:00,0,0.07121935486793518,0.9287806749343872,low,LONG
2026-06-01 16:00:00,0,0.4394529163837433,0.5605471134185791,low,LONG
2026-06-01 20:00:00,0,0.5459678173065186,0.45403212308883667,low,NEUTRAL
2026-06-02 00:00:00,0,0.9040818214416504,0.0959182158112526,low,SHORT
2026-06-02 04:00:00,0,0.9162989854812622,0.08370102941989899,low,SHORT
2026-06-02 08:00:00,0,0.8395820260047913,0.16041794419288635,low,SHORT
2026-06-03 04:00:00,0,0.6118319034576416,0.3881681561470032,low,SHORT
2026-06-03 08:00:00,0,0.7574620246887207,0.2425379604101181,low,SHORT
2026-06-03 12:00:00,0,0.7098289728164673,0.2901710867881775,low,SHORT
2026-06-03 16:00:00,0,0.5414396524429321,0.45856034755706787,low,NEUTRAL
2026-06-03 20:00:00,0,0.40599995851516724,0.5940000414848328,low,LONG
2026-06-04 00:00:00,0,0.6950196027755737,0.3049803674221039,mid,SHORT
2026-06-04 08:00:00,1,0.49293336272239685,0.5070666074752808,mid,NEUTRAL
2026-06-04 12:00:00,0,0.6171373128890991,0.38286271691322327,mid,SHORT
2026-06-04 16:00:00,0,0.5947400331497192,0.40525996685028076,mid,NEUTRAL
2026-06-04 20:00:00,0,0.6187459230422974,0.381254106760025,mid,SHORT
2026-06-05 04:00:00,0,0.6474950313568115,0.3525049686431885,mid,SHORT
2026-06-05 08:00:00,0,0.6659594178199768,0.3340405821800232,mid,SHORT
2026-06-06 16:00:00,1,0.694304883480072,0.30569517612457275,mid,SHORT
2026-06-06 20:00:00,1,0.7530299425125122,0.2469700574874878,mid,SHORT
2026-06-07 12:00:00,1,0.10169778019189835,0.8983022570610046,mid,LONG
2026-06-07 16:00:00,1,0.11702519655227661,0.8829747438430786,mid,LONG
2026-06-08 20:00:00,0,0.5937424898147583,0.4062574505805969,mid,NEUTRAL
2026-06-09 00:00:00,0,0.8352601528167725,0.16473986208438873,mid,SHORT
2026-06-09 04:00:00,0,0.8322790265083313,0.16772091388702393,mid,SHORT
2026-06-09 08:00:00,0,0.8140546083450317,0.18594542145729065,low,SHORT
2026-06-14 12:00:00,1,0.21191851794719696,0.7880814671516418,low,LONG
2026-06-14 16:00:00,1,0.059442125260829926,0.9405578374862671,low,LONG
2026-06-17 12:00:00,0,0.7635577917098999,0.2364421933889389,low,SHORT
2026-06-17 20:00:00,0,0.46825990080833435,0.531740128993988,low,NEUTRAL
2026-06-18 00:00:00,0,0.6602901220321655,0.33970990777015686,low,SHORT
2026-06-18 04:00:00,0,0.8678886294364929,0.13211137056350708,low,SHORT
2026-06-21 20:00:00,1,0.45489728450775146,0.5451026558876038,low,NEUTRAL
2026-06-22 12:00:00,0,0.49677562713623047,0.5032243728637695,low,NEUTRAL
2026-06-22 16:00:00,0,0.3774058222770691,0.6225941181182861,low,LONG
2026-06-22 20:00:00,0,0.24696475267410278,0.7530352473258972,low,LONG
2026-06-23 00:00:00,0,0.8938261866569519,0.10617382079362869,low,SHORT
2026-06-23 20:00:00,0,0.7528165578842163,0.24718338251113892,low,SHORT
2026-06-24 00:00:00,0,0.7339078783988953,0.26609209179878235,low,SHORT
2026-06-24 04:00:00,0,0.7994658350944519,0.2005341351032257,low,SHORT
2026-06-24 08:00:00,0,0.8542957305908203,0.14570429921150208,low,SHORT
2026-06-24 16:00:00,1,0.4431690275669098,0.5568310022354126,low,LONG
2026-06-24 20:00:00,0,0.5358743667602539,0.4641256332397461,low,NEUTRAL
2026-06-25 04:00:00,0,0.8411219716072083,0.15887801349163055,low,SHORT
2026-06-25 08:00:00,0,0.798156201839447,0.20184382796287537,low,SHORT
2026-06-26 04:00:00,0,0.6087087988853455,0.39129120111465454,mid,SHORT
2026-06-29 20:00:00,0,0.564052402973175,0.43594756722450256,low,SHORT
